subset_idx,scene_token,frame_idx,scene_frame_label,sample_token
0,0220,0,scene-0220-frame-0000,1d06eafd85104d5ba2fa817a2c2a00c8
1,0220,10,scene-0220-frame-0010,55a62f4393454dee848a8b842c5a7e27
2,0220,20,scene-0220-frame-0020,c35bf9f4f95f4e51be9ed0ccbb829f97
3,0220,32,scene-0220-frame-0032,0db431f1b88b4f01901cd339c7aa9485
4,0220,42,scene-0220-frame-0042,1828e67644774079b8312f9ba6e24cbf
5,0220,52,scene-0220-frame-0052,e845504711e84c4f94331c809c987459
6,0220,62,scene-0220-frame-0062,57734cb5cdca41da8bb2f45d74565423
7,0220,72,scene-0220-frame-0072,56d62d48631246b182a585e85b28b598
8,0220,84,scene-0220-frame-0084,ccb16104e22c441a90f0360ac2210657
9,0220,94,scene-0220-frame-0094,9363c393be9a4f9fb332b0ebdfaca01c
10,0220,104,scene-0220-frame-0104,32bbcbe4190940b9a06c023183a3137b
11,0220,114,scene-0220-frame-0114,54918384727549fcbd4a970d2540b1f7
12,0220,124,scene-0220-frame-0124,0114986657754021bc4c92bd23197bb3
13,0220,136,scene-0220-frame-0136,89a5640413d14d5faedcf283416a3085
14,0220,146,scene-0220-frame-0146,f819e40dbf4441a9867f9cdcfa13c111
15,0220,156,scene-0220-frame-0156,a8fd919fa2234bf7946b7a04342b2c14
16,0221,0,scene-0221-frame-0000,2f4df67ab2fb495e809af2e3566cf10c
17,0221,10,scene-0221-frame-0010,50148d3b63864aa88193fa449cd6625e
18,0221,20,scene-0221-frame-0020,b9e36d07616043c2aadeaf8c32b4c5f4
19,0221,32,scene-0221-frame-0032,fd78b681ea7c4503b6ff0579fc49a516
20,0221,42,scene-0221-frame-0042,9ae9980c95234efdb5fe6aab07e3b28a
21,0221,52,scene-0221-frame-0052,0cc14c7c880f489eb0e43dea09aed093
22,0221,62,scene-0221-frame-0062,2943a33af32946e7a895773c925443ee
23,0221,72,scene-0221-frame-0072,6228baa68ef24a14b762d30f5c25120a
24,0221,84,scene-0221-frame-0084,2bcfbd46d8864090b4183a41c49acb2f
25,0221,94,scene-0221-frame-0094,4295d98b5f664eaba02326a2d13b512e
26,0221,104,scene-0221-frame-0104,eaa93edbdcb64def945b6f219653a9fe
27,0221,114,scene-0221-frame-0114,3ad3c5f0a3b448b5ae07330124ac6120
28,0221,124,scene-0221-frame-0124,c75770cbcb754ba98b56dda25a895e71
29,0221,136,scene-0221-frame-0136,401e116db07d471ab405b837895e7b7f
30,0221,146,scene-0221-frame-0146,001babaed2e14c31b6db9eb4c7f0c173
31,0221,156,scene-0221-frame-0156,02ac3470b5d9414890b7f67bcc42c533
32,0222,0,scene-0222-frame-0000,6bc5f64d37d648d09f09831f58ccb67d
33,0222,10,scene-0222-frame-0010,e1337586cb5d43ea94f8b18cfac222b9
34,0222,20,scene-0222-frame-0020,77d546fd984747ff87d261d38398e25f
35,0222,32,scene-0222-frame-0032,5c586e0f5226415290d42f379d7f0481
36,0222,42,scene-0222-frame-0042,2c90941d732844dd81d9fa02779e7f7a
37,0222,52,scene-0222-frame-0052,d84fb7f4b9824dd5bfa2575d010ee797
38,0222,62,scene-0222-frame-0062,e86b429783e54f1aad737ad8d5c33fcd
39,0222,72,scene-0222-frame-0072,8c91400794e649c9b2bd201fe4b58ac7
40,0222,84,scene-0222-frame-0084,4763cfb877374e43a345a44bc97d8ff6
41,0222,94,scene-0222-frame-0094,b691c8a331bf4cefbf000ff922240dac
42,0222,104,scene-0222-frame-0104,133a6eae794548d995276af258cf228d
43,0222,114,scene-0222-frame-0114,5749115d2dff4e99817c5d5ed291b910
44,0222,124,scene-0222-frame-0124,3cca84222044404ca025644786415b60
45,0222,136,scene-0222-frame-0136,589abe2d2bd645beab945930020f16c5
46,0222,146,scene-0222-frame-0146,7b8ea7a247a2473bb8fd9b007d4b8624
47,0222,156,scene-0222-frame-0156,222fb435b6cc455292b61234d7934752
48,0223,0,scene-0223-frame-0000,5e9504b387f94554af7296e58878da1f
49,0223,10,scene-0223-frame-0010,061008413a5a4eaa8ea63a2e8fccb4a3
50,0223,20,scene-0223-frame-0020,65ab96ef294f4a3f80b69517a8852e5f
51,0223,32,scene-0223-frame-0032,44ce364bd136408ca01c94767569f7c0
52,0223,42,scene-0223-frame-0042,9178740108de429498a84acabfa40fb4
53,0223,52,scene-0223-frame-0052,84ef6f4be1e74a6daf772e9fd31f15cf
54,0223,62,scene-0223-frame-0062,8b71f4a9e5b344b7943348489201c4a0
55,0223,72,scene-0223-frame-0072,9e305a46fd7645bda7aca44b810005dc
56,0223,84,scene-0223-frame-0084,5b79679d552440ce8871ce92a3459f57
57,0223,94,scene-0223-frame-0094,5a749fd24b9143e4a7603041421f4842
58,0223,104,scene-0223-frame-0104,be0b2acfaa534dedb8277b363fd74217
59,0223,114,scene-0223-frame-0114,b38f49cfeb7f4518addbe26532bba39d
60,0223,124,scene-0223-frame-0124,5fcbe916de7942489713b5df041cb8ae
61,0223,136,scene-0223-frame-0136,c588194f74f242879773a7602fd2722c
62,0223,146,scene-0223-frame-0146,459ac9d1438c48bd93a59691a34c7527
63,0223,156,scene-0223-frame-0156,f6c23977bad24ee78c1ef4915b86a459
64,0224,0,scene-0224-frame-0000,207d7e359e8942e188c559046ac84854
65,0224,10,scene-0224-frame-0010,ab98a4ac6103465e8618d06d4001c48c
66,0224,20,scene-0224-frame-0020,a9ae8afdd0954b459fa5b5bb1294367f
67,0224,32,scene-0224-frame-0032,6c89ba840a2d4efea5d1beef496d3c6d
68,0224,42,scene-0224-frame-0042,60f6e667ade7484ca94d6fa595cd4a6d
69,0224,52,scene-0224-frame-0052,d865f748fcd54031a37edfa842478c6a
70,0224,62,scene-0224-frame-0062,347975991e634e249d077d6e7f064430
71,0224,72,scene-0224-frame-0072,52d7f411b3714c2fb782b31cc3e17ab8
72,0224,84,scene-0224-frame-0084,eb775e647756417b923f30992dd41130
73,0224,94,scene-0224-frame-0094,04bd69c3bbbd43fcb3e7f6e5979345da
74,0224,104,scene-0224-frame-0104,844e900a3750483a8e2fc64b9eb85647
75,0224,114,scene-0224-frame-0114,4324c6b1bcca4b4cb9210b74a6ace9f8
76,0224,124,scene-0224-frame-0124,9906798a082348c394b73536769c87e0
77,0224,136,scene-0224-frame-0136,e627c729f8a0481fab5eb5da40e8ad07
78,0224,146,scene-0224-frame-0146,10c40adb6410468599f7fd8499367d07
79,0224,156,scene-0224-frame-0156,f61dd73627ca48c38c8340f939f114b0
80,0225,0,scene-0225-frame-0000,808f431c91fb4c42ac2b119e7ed7cdfb
81,0225,10,scene-0225-frame-0010,8a9cb06b6cbd4024a51822551fac5841
82,0225,20,scene-0225-frame-0020,3e9ba09a6bdc458893d9f947a4a71611
83,0225,32,scene-0225-frame-0032,f874c563650b403dbf1b57856ac80692
84,0225,42,scene-0225-frame-0042,eb0fee199f7c41c8b3d48038a1c172be
85,0225,52,scene-0225-frame-0052,f03413191c51448895d7835e540b8ef4
86,0225,62,scene-0225-frame-0062,9e423c77ef734dca9ab516a831a847a2
87,0225,72,scene-0225-frame-0072,df4609e717254768ba8b713dc20ff71d
88,0225,84,scene-0225-frame-0084,343e6ddd43ff4d489d9608908a441b12
89,0225,94,scene-0225-frame-0094,747791f800024aa7b9b4d4232b75e67c
90,0225,104,scene-0225-frame-0104,fc9049ca792c4a7793ec213f29a5f810
91,0225,114,scene-0225-frame-0114,03466f85853a4d5599462307a6e6759d
92,0225,124,scene-0225-frame-0124,c9d097839711452eb2065a47c44972c2
93,0225,136,scene-0225-frame-0136,7d8d8186b131401894d40e2e31c9e495
94,0225,146,scene-0225-frame-0146,8e491043876b4042bff9d18f3ccf7344
95,0225,156,scene-0225-frame-0156,c15873db19dc4f05a0e510eda17306e0
96,0226,0,scene-0226-frame-0000,d82ddbc336844b6cb161fbb801f1ee68
97,0226,10,scene-0226-frame-0010,6c20cf006b424c3d9024354e5560c8b1
98,0226,20,scene-0226-frame-0020,31bef9bf2c8f44daa67e235ef4b5b56a
99,0226,32,scene-0226-frame-0032,e43bec2b9e434952be99aa65da1f3aa5
100,0226,42,scene-0226-frame-0042,c36ad7b38a0b48eeafc960e56ffecdc1
101,0226,52,scene-0226-frame-0052,2620bc50f06c4b6ca8a98d7eab30affd
102,0226,62,scene-0226-frame-0062,b84449b8db5b47ffae911021b5069b4a
103,0226,72,scene-0226-frame-0072,bd33ba9ef15e4aba98aeba941b82a06f
104,0226,84,scene-0226-frame-0084,380361a30624405b94f39c1f95fafbed
105,0226,94,scene-0226-frame-0094,547be052bc774214b602aba3fb7cc851
106,0226,104,scene-0226-frame-0104,25b4415e006f4189be28ce3065a6155a
107,0226,114,scene-0226-frame-0114,0e3ba774a5824ef1b4c7f45703dc26c1
108,0226,124,scene-0226-frame-0124,31167fa1296343599feb5688198719dc
109,0226,136,scene-0226-frame-0136,a6429cd8f04b4db699f44d192c6dfd73
110,0226,146,scene-0226-frame-0146,8f5b69ca244442f595a619c12409318d
111,0226,156,scene-0226-frame-0156,523a724429914a0e92eae48ee4d66462
112,0227,0,scene-0227-frame-0000,21e80539cbb24ac0a33927e4edd7c4d4
113,0227,10,scene-0227-frame-0010,bf822e2f81804c8b943596948b83e2e8
114,0227,20,scene-0227-frame-0020,3b318ed9fe1c46889d0dde50bec5640b
115,0227,32,scene-0227-frame-0032,2b661b1928b94671abf3c75ad862df8e
116,0227,42,scene-0227-frame-0042,e53c352a7a874bfe8d61a2ad1732eedb
117,0227,52,scene-0227-frame-0052,c91c9e7870e64498ae401515b4889c3f
118,0227,62,scene-0227-frame-0062,6b7392cdace64a248bf92e86c51eda02
119,0227,72,scene-0227-frame-0072,3b9712369c1a42c0a113f1b4ee5d205b
120,0227,84,scene-0227-frame-0084,e8da05523c8a4b4aab2cffac5238eb6d
121,0227,94,scene-0227-frame-0094,47642168ede04a3ab98d7d80cd67400b
122,0227,104,scene-0227-frame-0104,140f777558c24427ae18a216e7303df6
123,0227,114,scene-0227-frame-0114,833d2e658f634b60a600a5df74a089c8
124,0227,124,scene-0227-frame-0124,609fa54d7d0548b4941bb7048bcb8b7a
125,0227,136,scene-0227-frame-0136,b1ab91c1865f4fb9a60d9d9c0850739f
126,0227,146,scene-0227-frame-0146,529346035c35409ab19736cb4836be8f
127,0227,156,scene-0227-frame-0156,1c635eb671784e3c84c589a350a940ea
128,0228,0,scene-0228-frame-0000,dd2e9634cd9e4e11b628e831b43a6a0a
129,0228,10,scene-0228-frame-0010,07b0b158c1aa47c5a193b5ff42607925
130,0228,20,scene-0228-frame-0020,83e9b3722d43434c8123b2f5e6f13b4c
131,0228,32,scene-0228-frame-0032,59569ddce52448169f03fa2dc6c86d37
132,0228,42,scene-0228-frame-0042,9d85ef31fae24632a8528a681cc9677d
133,0228,52,scene-0228-frame-0052,cfe051d6a96d46938eaddb188d5e1d49
134,0228,62,scene-0228-frame-0062,2a74b2f592de4715a473b328b3f80ce8
135,0228,72,scene-0228-frame-0072,391071914b274136b1adbb9506415d00
136,0228,84,scene-0228-frame-0084,e8fcc2b5efac4b47a56433b88c5182d5
137,0228,94,scene-0228-frame-0094,ee159b95eac340c4a29b84681b6b1884
138,0228,104,scene-0228-frame-0104,2fb1af30dffa467e9ffd49dff36ac364
139,0228,114,scene-0228-frame-0114,513d9533016d446a8ce75c4ed01a6395
140,0228,124,scene-0228-frame-0124,99ad150801244342a1d3a657d0cc432a
141,0228,136,scene-0228-frame-0136,8e04ea72f82549a2b1b54d5ef3880d0a
142,0228,146,scene-0228-frame-0146,c29b9971286140dd8bfeecdc6140cd52
143,0228,156,scene-0228-frame-0156,81ee6a06602948fabe81ef8cce2c798c
144,0229,0,scene-0229-frame-0000,76edd7e7394744d59d8eb1affd2bb89f
145,0229,10,scene-0229-frame-0010,338ca7dc1069478bb054a5ed0a930e53
146,0229,20,scene-0229-frame-0020,20dcfb17bcd148d098df994bcabf7f4a
147,0229,32,scene-0229-frame-0032,d85eb797097d43a3a7211b17ecb3aa72
148,0229,42,scene-0229-frame-0042,07fee30ebfc14ccb87de00550f660146
149,0229,52,scene-0229-frame-0052,039da1fd832d46d3879b4945edbb4841
150,0229,62,scene-0229-frame-0062,37afe2892a5844afb20c821f42e2be22
151,0229,72,scene-0229-frame-0072,bd7fb223025d466ea65d216bc34f2a1b
152,0229,84,scene-0229-frame-0084,05458600178742cb91cf283a878e199b
153,0229,94,scene-0229-frame-0094,621cd4ed11934a21beb505c46148980b
154,0229,104,scene-0229-frame-0104,5bf63353bfa84983a6f1b5e408b8e8ae
155,0229,114,scene-0229-frame-0114,b4e89c057a8f40f58ce496ec33d402b5
156,0229,124,scene-0229-frame-0124,de7ec73fb45445f7aff277da66343535
157,0229,136,scene-0229-frame-0136,e52aa11ce66a4574b5e695b2a4483692
158,0229,146,scene-0229-frame-0146,2311b11eda504d9082984ffc1133391f
159,0229,156,scene-0229-frame-0156,86a83f04b9484b44a8cff4a35076f70e
160,0230,0,scene-0230-frame-0000,d363efaf914547138e9020b4a921de96
161,0230,10,scene-0230-frame-0010,c44cb070f72a4a8bb1aacbd896d31f66
162,0230,20,scene-0230-frame-0020,a5ff353fe7c4446d99d26faadb5e6ed6
163,0230,32,scene-0230-frame-0032,6be0e3c42c1f4f92bb1bb3ba38fac12f
164,0230,42,scene-0230-frame-0042,b9007ad9be4448cc8e4cec5e338635f9
165,0230,52,scene-0230-frame-0052,d947df679a544468b0c2bbd161b25dd0
166,0230,62,scene-0230-frame-0062,86b64d28f59842a7b84e3f05c9e41550
167,0230,72,scene-0230-frame-0072,f17d7b13f7c64e9f990d6c6cfb01f16a
168,0230,84,scene-0230-frame-0084,071283712e8048aa9f96ab62d6211b8b
169,0230,94,scene-0230-frame-0094,358c428dce75483cab2c28a18f51d36e
170,0230,104,scene-0230-frame-0104,0d7ade8d7d5f4aa69d50ea30bbb95589
171,0230,114,scene-0230-frame-0114,295bf760b019438f93fbef8059931bc8
172,0230,124,scene-0230-frame-0124,62a3051599564157834af834ac4aa35b
173,0230,136,scene-0230-frame-0136,2e5b1d9730d14a40841735052bfe82c5
174,0230,146,scene-0230-frame-0146,13bae03d9b614e38aef0f6693bb6ebd1
175,0230,156,scene-0230-frame-0156,3f98dc4f7d2247349e9e164367f56dfa
176,0231,0,scene-0231-frame-0000,805015132dc045ac9b73c8b4fccaae47
177,0231,10,scene-0231-frame-0010,0d5dbcdd746b4c8c9b03ff558860dc9e
178,0231,20,scene-0231-frame-0020,e861363802d44c3786c06a8e01ef242b
179,0231,32,scene-0231-frame-0032,6d1605133c5a4ec8b00be7c4470d2a88
180,0231,42,scene-0231-frame-0042,ae39efb3002b469c92234c867dd0aa7c
181,0231,52,scene-0231-frame-0052,100d764cb12340afa26aae4e26ec49f1
182,0231,62,scene-0231-frame-0062,f31c7f48d28944218cc14969ae6a43cc
183,0231,72,scene-0231-frame-0072,9368870f93054752a9352fe549972f5b
184,0231,84,scene-0231-frame-0084,3739e4c6a5bf417cba0fb06d93ef4162
185,0231,94,scene-0231-frame-0094,9d1e7aebb19749e3a8c3a6c3823d39ea
186,0231,104,scene-0231-frame-0104,77e2eeaa634147e084102ac7c77d87a2
187,0231,114,scene-0231-frame-0114,b10eb5aaca8e4e36b0ada1fa3b2b32ca
188,0231,124,scene-0231-frame-0124,3222af27e7324a4fb82c5b02a2e3629d
189,0231,136,scene-0231-frame-0136,5978a2c6728b41de866a5d04fde1f1d8
190,0231,146,scene-0231-frame-0146,8459e89d5d1d4639ae32f7276c109597
191,0231,156,scene-0231-frame-0156,a3d599f85ac8413d8da756df1b437c17
192,0232,0,scene-0232-frame-0000,8585cc12eae547a2b064cbd0e9c92835
193,0232,10,scene-0232-frame-0010,75eaf50057e84d87b7500b2a91515799
194,0232,20,scene-0232-frame-0020,53927ef45367425ab4d7d75c38d9d791
195,0232,32,scene-0232-frame-0032,2b7b249a92554057b2a93645fbcb44fa
196,0232,42,scene-0232-frame-0042,a691e56a0e554dabb868e8a37f167310
197,0232,52,scene-0232-frame-0052,547b62e19c264083b7668f4fc7fc1ec6
198,0232,62,scene-0232-frame-0062,7f33f265545c460ba9b70c6762b453a7
199,0232,72,scene-0232-frame-0072,202c0e1f8839406c929535cf84983f72
200,0232,84,scene-0232-frame-0084,72ac8021846f4582a0999513917e9612
201,0232,94,scene-0232-frame-0094,b1b4ecf2c79e406b94e71b0e3f06aa83
202,0232,104,scene-0232-frame-0104,0f2ac942ac894251b91e5f1a8c3eedad
203,0232,114,scene-0232-frame-0114,b2532e37068a43a88bf26532e7635fa4
204,0232,124,scene-0232-frame-0124,6b171ee5ee59485b85ccbf5401c9c9c8
205,0232,136,scene-0232-frame-0136,c1f0bcd645b14b4eb89ccb65247f0e71
206,0232,146,scene-0232-frame-0146,299a24c6a43c408782947f4246c2f028
207,0232,156,scene-0232-frame-0156,1340beb752ca48248ff7b0896c124fbc
208,0233,0,scene-0233-frame-0000,5d238670047e4ab59ea0977ddfa922ce
209,0233,10,scene-0233-frame-0010,62b923afc436431f8d3ea6ec690b6429
210,0233,20,scene-0233-frame-0020,61ed3e65513b4a2da2afbf499a16c37b
211,0233,32,scene-0233-frame-0032,9cc50519968443ffb4722a9dcdca2bcc
212,0233,42,scene-0233-frame-0042,377be1b1a6074c6e85289fd236cc280c
213,0233,52,scene-0233-frame-0052,74bd734900334b00939605f733c26ae1
214,0233,62,scene-0233-frame-0062,3840923c95ea4d4088c20382f0911790
215,0233,72,scene-0233-frame-0072,0a7de716f903429f9ecaaed0e8e7af91
216,0233,84,scene-0233-frame-0084,f2f3e63f54b4407bac0c854da0e5a935
217,0233,94,scene-0233-frame-0094,d9890f0f76aa4244add38446af50a549
218,0233,104,scene-0233-frame-0104,7b03e11ecdbe4aabab5998b4f6bbda47
219,0233,114,scene-0233-frame-0114,6db43f48b4e74d1796258b5079df2adc
220,0233,124,scene-0233-frame-0124,bef4b9fa2a304e4a9fe205ac693887f2
221,0233,136,scene-0233-frame-0136,e0b0ca4d600445b5ad04bc85519779aa
222,0233,146,scene-0233-frame-0146,09422e3ecec146e1abd0de5c68894c86
223,0233,156,scene-0233-frame-0156,f7914617780048fc9196ae51f5c1455a
224,0234,0,scene-0234-frame-0000,8749df37b9ef4f4d8c430ddc055b6338
225,0234,10,scene-0234-frame-0010,49f2c4e63e114592900cd8d120a92986
226,0234,20,scene-0234-frame-0020,2b419506fbfd418dadf021c343cfc6f1
227,0234,32,scene-0234-frame-0032,694c1b571bf240f99914e772197f2490
228,0234,42,scene-0234-frame-0042,680ce106fb2341c491d19de40c3da27f
229,0234,52,scene-0234-frame-0052,c2202a2d69ab49a288d87ad73224590b
230,0234,62,scene-0234-frame-0062,bf00ec89ab764123b94713775e95e1c0
231,0234,72,scene-0234-frame-0072,af55457140764a78a404224dc7d7c91b
232,0234,84,scene-0234-frame-0084,8b535ecb2fff474394f3dfdc3f02576b
233,0234,94,scene-0234-frame-0094,f6f394d6d242445e88078df8480deb3d
234,0234,104,scene-0234-frame-0104,92b455e8b82a466c8922838762b25815
235,0234,114,scene-0234-frame-0114,aa04a89ad9294e65bba819af6842117a
236,0234,124,scene-0234-frame-0124,f0a21b0580244e99957799ef1ef50a6b
237,0234,136,scene-0234-frame-0136,78c534a3b5304c75939e7cae2a344c62
238,0234,146,scene-0234-frame-0146,65ea531e537149b08c034d0b290dd455
239,0234,156,scene-0234-frame-0156,839652c5b0b24c3f80b3f15f1df98b1d
240,0235,0,scene-0235-frame-0000,e16da687db804b70b8a8bea06ec29d4b
241,0235,10,scene-0235-frame-0010,5fafe9e1d02044deaa262313c4ed2e1b
242,0235,20,scene-0235-frame-0020,3163c707a3f34888b72368106f5c8d93
243,0235,32,scene-0235-frame-0032,dd8ac7fa7c4445398a9b645202c93df9
244,0235,42,scene-0235-frame-0042,5e3bf37b1a044726abe07ac8bdd72517
245,0235,52,scene-0235-frame-0052,8fb9074a238c4f58bc13eb532bf122be
246,0235,62,scene-0235-frame-0062,5cec8e0bdf184b7aba3815ef1504058b
247,0235,72,scene-0235-frame-0072,5671c08da749499282ad0104e4d976b3
248,0235,84,scene-0235-frame-0084,021eab1fb4944104adadb0968ebb1702
249,0235,94,scene-0235-frame-0094,d5c2131fb61b4d7c965c6f67579d7379
250,0235,104,scene-0235-frame-0104,9c245ed475dd4fbba1951a8b8431beaf
251,0235,114,scene-0235-frame-0114,97c60a1252e44f49b8f09774ee1407cc
252,0235,124,scene-0235-frame-0124,6e291b6e35e94bb89dee2da3b0259cbf
253,0235,136,scene-0235-frame-0136,a724f326467a48e7bff686605172a652
254,0235,146,scene-0235-frame-0146,3b81cc29a9064e4692024f8dc8be42b5
255,0235,156,scene-0235-frame-0156,55987a7bf93b4fbc874313c7b43cd753
256,0236,0,scene-0236-frame-0000,40cbae8c19fd4fd28c004e8ab550dd8c
257,0236,10,scene-0236-frame-0010,c3e9f0024e0442aa8214457f6963fa42
258,0236,20,scene-0236-frame-0020,e2ad311624d64180ab9e09bce1f175c3
259,0236,32,scene-0236-frame-0032,6e067299d55d4178b3c45bd19ef326c6
260,0236,42,scene-0236-frame-0042,75151a033bc24c36bd42ef7a899ed614
261,0236,52,scene-0236-frame-0052,67f0a5d49baf4316ac8d3a963b6cac09
262,0236,62,scene-0236-frame-0062,84e222a890674f3caa47715bfbc15ae3
263,0236,72,scene-0236-frame-0072,b7ab58a0d4f242ce8bfc583aa9e20033
264,0236,84,scene-0236-frame-0084,7d85360d9a5f46dcbf01e4dd5bb8e799
265,0236,94,scene-0236-frame-0094,09b73128ec304f9285c07c59b52c2d29
266,0236,104,scene-0236-frame-0104,b565b459a998449ab5783659558cf070
267,0236,114,scene-0236-frame-0114,4983548474784b919e82f1b334a62e33
268,0236,124,scene-0236-frame-0124,ff19fe7c608c479386af1f2a683fb5f2
269,0236,136,scene-0236-frame-0136,09552d892d7a457695fee00e4907704a
270,0236,146,scene-0236-frame-0146,02a6565a31604d01bc9ff009f9282c35
271,0236,156,scene-0236-frame-0156,3d065e8259fb43d4a91fef00525df8bd
272,0237,0,scene-0237-frame-0000,fd3ccd170c6a4b54bc01f16e756e42c8
273,0237,10,scene-0237-frame-0010,72087520bba341b89c696f83c163f0ab
274,0237,20,scene-0237-frame-0020,76104bb7d11e497dbc49ea1b3781737c
275,0237,32,scene-0237-frame-0032,9cc5f3edc46f4b63950693d9027615fb
276,0237,42,scene-0237-frame-0042,48899cdf7a8c437fbd82a426bf0e7405
277,0237,52,scene-0237-frame-0052,e318801355254c628244b83252fb53eb
278,0237,62,scene-0237-frame-0062,5c49e5eb00b443a69d9e5615b87e5f8d
279,0237,72,scene-0237-frame-0072,0e984680f94c41d3885b98aeae9e9b13
280,0237,84,scene-0237-frame-0084,e5e52a975eba4510a0ba52101ed88bdc
281,0237,94,scene-0237-frame-0094,3a1e4bdb8a7d44ad9f8d1ff5fdb7aeb7
282,0237,104,scene-0237-frame-0104,c35c9a3d62f249c5b835bbe75992a0c9
283,0237,114,scene-0237-frame-0114,5df916af7b544cea829d3e8c87f9f2cc
284,0237,124,scene-0237-frame-0124,45bd32a12e884e0f9d353d35917d987d
285,0237,136,scene-0237-frame-0136,bbfbc11dad9d41f78feee8c5debd2756
286,0237,146,scene-0237-frame-0146,2284e7441523465f8fd4b9288c2f5076
287,0237,156,scene-0237-frame-0156,5d1bd84714444ff8b98cc8fe4a6c0f4a
288,0238,0,scene-0238-frame-0000,ce9cad7e72f44597bf78c18878df63c4
289,0238,10,scene-0238-frame-0010,fe2562a17def45bf88acdb910927217b
290,0238,20,scene-0238-frame-0020,bd8e5c72f858416588320d93580e4c25
291,0238,32,scene-0238-frame-0032,fa5bec5fc154416193a996599916cdcd
292,0238,42,scene-0238-frame-0042,1eb752ee1fbd4d899153fb21ef837b45
293,0238,52,scene-0238-frame-0052,b82303564f524eeea96db634ff0d4c8a
294,0238,62,scene-0238-frame-0062,380d45db47af468d8df7edf87284dab0
295,0238,72,scene-0238-frame-0072,2fdc13e88af84a7fa6540a7bb3f1fbdb
296,0238,84,scene-0238-frame-0084,dc32d152c9814ad391054ea6d4b7b900
297,0238,94,scene-0238-frame-0094,09d3c9ce358149c6b233e8854873a883
298,0238,104,scene-0238-frame-0104,2c5cb2168a5742559d5dc584efad7a76
299,0238,114,scene-0238-frame-0114,59a230d5f9e44b50956e8ea83e35a867
300,0238,124,scene-0238-frame-0124,166e5c0f3a6a47c189cc49f754cb4a43
301,0238,136,scene-0238-frame-0136,9280b7acd088456c867e9765d25ab6ee
302,0238,146,scene-0238-frame-0146,24f60d5e71274a978411bf435a5a6bff
303,0238,156,scene-0238-frame-0156,d5dcbb4cfb7a416a859833e3df9fa745
304,0239,0,scene-0239-frame-0000,04e29be55e294535994efdb1d38d680c
305,0239,10,scene-0239-frame-0010,7f0b675a9f004a21be2c6158a8c0dbd9
306,0239,20,scene-0239-frame-0020,7df161253da1408dadc7a641861d2f8b
307,0239,32,scene-0239-frame-0032,94c6c99cd9f14731bd64a7c45f5c6995
308,0239,42,scene-0239-frame-0042,2ed1ad5a57774c6784ed8a76318cf919
309,0239,52,scene-0239-frame-0052,0023ab7bf8e14d15a7f0d3ca4fd4385a
310,0239,62,scene-0239-frame-0062,8edd35d8ca6140d899162af3e3fcb3bd
311,0239,72,scene-0239-frame-0072,f299c2ea83ea43949f6e425d1ad56895
312,0239,84,scene-0239-frame-0084,3f119012b8e24575aca4a71a81699e51
313,0239,94,scene-0239-frame-0094,f88491f6ec904914a177a3684e60d937
314,0239,104,scene-0239-frame-0104,eaa71a5b2b2241419ff5c631459a8174
315,0239,114,scene-0239-frame-0114,e701ea314beb459c91898e87d019e08f
316,0239,124,scene-0239-frame-0124,cda61acd823846769357cec82a6de3a9
317,0239,136,scene-0239-frame-0136,e30760b8b9834c2a8b6ab5157ab6df2b
318,0239,146,scene-0239-frame-0146,77c7df1148184e589194d2aca4a4a0a7
319,0239,156,scene-0239-frame-0156,576259bfb088453f9b33001ef8fcaad4
320,0240,0,scene-0240-frame-0000,44a0013f55f744b3b84d7002052e7073
321,0240,10,scene-0240-frame-0010,be7cbd29276d46118c56629cc67994f3
322,0240,20,scene-0240-frame-0020,3c5dd0d825114e6b8764225f6c640328
323,0240,32,scene-0240-frame-0032,b1d4ca28aaff46c7be9f8f9f27a7a583
324,0240,42,scene-0240-frame-0042,68a5a4840bfb4605898637e3ed546f2a
325,0240,52,scene-0240-frame-0052,b4ee3def0ef4475da4f72383d960c348
326,0240,62,scene-0240-frame-0062,a1afd6586cbf4cada4140abd980786dd
327,0240,72,scene-0240-frame-0072,e5d8ea2e379c44798d87b66241ff44a5
328,0240,84,scene-0240-frame-0084,a7350ebae4db48d698a01fa6bf841ee4
329,0240,94,scene-0240-frame-0094,816e84f03a524c519912027484416fbb
330,0240,104,scene-0240-frame-0104,80e8999109c44bbcbe36927c3cadf18e
331,0240,114,scene-0240-frame-0114,9cae58dcae4149de8031a300b29d3c00
332,0240,124,scene-0240-frame-0124,32f4580f020c4e15a67d51afe2887bf7
333,0240,136,scene-0240-frame-0136,3c12245df8634f6b96b4f1eb731b2325
334,0240,146,scene-0240-frame-0146,ddb33fe75235443783fc49c5efc2bd97
335,0240,156,scene-0240-frame-0156,2377afdd33da402baa9ca7e7d5f1c028
336,0241,0,scene-0241-frame-0000,7659d38a893f46dc90b61a19c757c9e1
337,0241,10,scene-0241-frame-0010,05df6af3b0d44f428615a6cd4ea2f0e8
338,0241,20,scene-0241-frame-0020,be92316e428b4492b0427e0e664782b2
339,0241,32,scene-0241-frame-0032,afd0fdceae0e4c36adfbbf31eefcc649
340,0241,42,scene-0241-frame-0042,b1c67302e6ad43e5b9fd4080d94da5ba
341,0241,52,scene-0241-frame-0052,7c2d226c53a846df94993f032bf89d65
342,0241,62,scene-0241-frame-0062,d493225244214945be86d7e2c167ce85
343,0241,72,scene-0241-frame-0072,882d1a5944204d2f98238e97224586f9
344,0241,84,scene-0241-frame-0084,92f980436aeb403692b434d3643eafed
345,0241,94,scene-0241-frame-0094,fd81e5a54bfe42e3a43c1b333567c072
346,0241,104,scene-0241-frame-0104,8812e35b4e9f48428faddb8c88c97d38
347,0241,114,scene-0241-frame-0114,7e309fcf790c4c95810082a465130ab2
348,0241,124,scene-0241-frame-0124,9f8074e69a2743ac94363faaab59677c
349,0241,136,scene-0241-frame-0136,4ab613428fd8449eb9659cd0357fef12
350,0241,146,scene-0241-frame-0146,575eac8bfb7d42a0a240eb4a9f65e424
351,0241,156,scene-0241-frame-0156,ed1bbbb878c44e6393afeeb63877e103
352,0242,0,scene-0242-frame-0000,c1dadd08680c4c03a89c6c40b90c522f
353,0242,10,scene-0242-frame-0010,27d89e7abef146f5891b4a0b5e51c192
354,0242,20,scene-0242-frame-0020,a895296e05a84bea8ab1870a3fdb4fef
355,0242,32,scene-0242-frame-0032,6743f291fefe4de98603b6cfe7558ecc
356,0242,42,scene-0242-frame-0042,43b1706903b740b19e8aae875f446352
357,0242,52,scene-0242-frame-0052,262a396fca33441a97e43bf5254f640e
358,0242,62,scene-0242-frame-0062,2a5258cb791b4ad08d5fb463162fad7d
359,0242,72,scene-0242-frame-0072,ea35ca7f381a41568a1a12e7253186d8
360,0242,84,scene-0242-frame-0084,c88c977fc29547908206ee15ea3920d5
361,0242,94,scene-0242-frame-0094,c7df6b8486ff433bac54315b5e59610c
362,0242,104,scene-0242-frame-0104,8c5ef938d7fa4c51b2a8d1a9928ee86a
363,0242,114,scene-0242-frame-0114,879773a9b03c459bae8aebae1db2d87c
364,0242,124,scene-0242-frame-0124,314cb72ffab14a478dfdce0fb6049928
365,0242,136,scene-0242-frame-0136,a1c59634b2b243e08b8e9085e8a9cba2
366,0242,146,scene-0242-frame-0146,ba932c66733449afb80b166b44966015
367,0242,156,scene-0242-frame-0156,55fa9f7d2f424a39adf5a9960e5fcd94
368,0243,0,scene-0243-frame-0000,c0c214f8852d4f918da7f520571c7345
369,0243,10,scene-0243-frame-0010,d8e238064c6142a3af94862a338473b5
370,0243,20,scene-0243-frame-0020,d8fd564e0af040baae9399b631349276
371,0243,32,scene-0243-frame-0032,af69a213d92f426682b6b028ca7ef153
372,0243,42,scene-0243-frame-0042,7853d970fe96403681fa46c2f0b1a72f
373,0243,52,scene-0243-frame-0052,0a6d520a2ee740f5880c1d3f156b33a4
374,0243,62,scene-0243-frame-0062,f1727f19be36465b95ce2d04180f41a8
375,0243,72,scene-0243-frame-0072,44f7795aa79841098d2486c8a6fb2b6d
376,0243,84,scene-0243-frame-0084,72efdb240c8047c3b18fd38966e5f875
377,0243,94,scene-0243-frame-0094,92bc798c14a745768749ee6c106991d0
378,0243,104,scene-0243-frame-0104,1d9e3fea75094b44a6e4d42e65539a08
379,0243,114,scene-0243-frame-0114,68d923e3f04346869a094a3e48d3bb09
380,0243,124,scene-0243-frame-0124,18f383e633d24899b7c4f2c355233806
381,0243,136,scene-0243-frame-0136,9aba31e03ad143c48a6229249ad6b99d
382,0243,146,scene-0243-frame-0146,be2388cb100b4949a53e495cd476bd12
383,0243,156,scene-0243-frame-0156,8fd4821b10cd447bb66a3cdd0e9bb76b
384,0244,0,scene-0244-frame-0000,a67d89128fe04f519ab6c149b92ca0cc
385,0244,10,scene-0244-frame-0010,c857ae60dadb473480eef3c880a76768
386,0244,20,scene-0244-frame-0020,a7b04f30f49646f9b8a2a648575b1525
387,0244,32,scene-0244-frame-0032,b47afa57eb064241a98a17fabde08128
388,0244,42,scene-0244-frame-0042,464a24faa41f468c951ed093180aff18
389,0244,52,scene-0244-frame-0052,d9f804a47d35420fae50eb71acdde605
390,0244,62,scene-0244-frame-0062,cf635497d2654acdbdff34cb5b9db5e6
391,0244,72,scene-0244-frame-0072,ea0ba69da51944cfa03afecba7f80046
392,0244,84,scene-0244-frame-0084,29160f774026410abdda102389b95e36
393,0244,94,scene-0244-frame-0094,b92e114da0234728ba834e932c40ee4e
394,0244,104,scene-0244-frame-0104,7facfd54790644e2b6fda85f8568dee2
395,0244,114,scene-0244-frame-0114,783bc0a2ade24a7e823fc624bc05420d
396,0244,124,scene-0244-frame-0124,20936bd438cd4a15922688f8c18c989f
397,0244,136,scene-0244-frame-0136,98c9d12cf97643c6b75e7a8d8c04cab3
398,0244,146,scene-0244-frame-0146,b69d183ec74b45d99ca0590a9a80aec5
399,0244,156,scene-0244-frame-0156,52f71c8043bb4c68b071b7924c043f53
400,0245,0,scene-0245-frame-0000,b6fa489ce4f4452c9903a027b6c53ebc
401,0245,10,scene-0245-frame-0010,2b9926c14f5041ab99d30a9f38966d25
402,0245,20,scene-0245-frame-0020,ddf235ec3e0c4edca7c4c699aea69b1e
403,0245,32,scene-0245-frame-0032,228145dea3314f6d828d1f22334661f7
404,0245,42,scene-0245-frame-0042,4f7c4aed5b924aebb2df4cb758b22c14
405,0245,52,scene-0245-frame-0052,f3e04ed2155849df8564c6ac567b9a19
406,0245,62,scene-0245-frame-0062,778977e3c051457fab342a8ae81a6530
407,0245,72,scene-0245-frame-0072,6180fa050d21411ca07a5b96ff7c9006
408,0245,84,scene-0245-frame-0084,e5ad0a7c9c6047a59b01ecf6a9d34d80
409,0245,94,scene-0245-frame-0094,1d9c400907bc4b238a626dd79f1afce6
410,0245,104,scene-0245-frame-0104,36f5cc05256a4c09be87f0d3ce941f17
411,0245,114,scene-0245-frame-0114,0e21b332f871441f9e116a3fa241fb20
412,0245,124,scene-0245-frame-0124,1717838261e7420e8e9f53b325e459b5
413,0245,136,scene-0245-frame-0136,c46eddc94d5b4521978c6af3f709f04a
414,0245,146,scene-0245-frame-0146,a8bc847e41eb4ac49a11bf3b2633ce79
415,0245,156,scene-0245-frame-0156,099a07b70e924b27899da886f2d1c365
416,0246,0,scene-0246-frame-0000,d63406eb1bde4d0e80fef5df442aa925
417,0246,10,scene-0246-frame-0010,ada95d801da2484daf756ce05967663b
418,0246,20,scene-0246-frame-0020,b789cccc563042c1a13020b02a6b6179
419,0246,32,scene-0246-frame-0032,81c4c3d399814ad0964af7fd21121f4d
420,0246,42,scene-0246-frame-0042,4809cbe8b1a54d93858f1b77a67e0186
421,0246,52,scene-0246-frame-0052,1439e72b5c3142b18dad8da98c96609a
422,0246,62,scene-0246-frame-0062,709ef2e52d81433a8b908cc46febdace
423,0246,72,scene-0246-frame-0072,756af32d1c8441358e11b32354d1025a
424,0246,84,scene-0246-frame-0084,683646eca6f3417fa910873976e73a40
425,0246,94,scene-0246-frame-0094,db4257294a33401e99f39098b125da05
426,0246,104,scene-0246-frame-0104,868a75a39dad474fa0ce78df44112eb8
427,0246,114,scene-0246-frame-0114,00b45060a37940ec8c2700604109aad7
428,0246,124,scene-0246-frame-0124,386793cdd6f84ff8be259b03bb25e99e
429,0246,136,scene-0246-frame-0136,7cdd80046bbf409dab95b317061f9139
430,0246,146,scene-0246-frame-0146,08ddb0a0553c4812ae949769479fc465
431,0246,156,scene-0246-frame-0156,87eae1a3b1e549c1ba31e64044ffce4f
432,0247,0,scene-0247-frame-0000,b0b4fa27d52441e7867e8200bbceb063
433,0247,10,scene-0247-frame-0010,d48deeaa57bf49f1a6c4bdf2cb3729fb
434,0247,20,scene-0247-frame-0020,ef8c270c64e04382a71658bd6b732482
435,0247,32,scene-0247-frame-0032,4e0896db05a14eba9966574ed01f99f8
436,0247,42,scene-0247-frame-0042,9ec60b3a438f44c4af84217ae0aa8273
437,0247,52,scene-0247-frame-0052,ae64751d6ea34203a00f1d011d89640e
438,0247,62,scene-0247-frame-0062,f650fdf8ccbc45c188219f801d687073
439,0247,72,scene-0247-frame-0072,b2946127e1b94b85bb4a612db58046c9
440,0247,84,scene-0247-frame-0084,c3376f2ecf3d418ca0d0ffcb4163e3d5
441,0247,94,scene-0247-frame-0094,6b8cb0705e57409aa9e21b43094340ef
442,0247,104,scene-0247-frame-0104,61fd727524494122803472099f5b7e39
443,0247,114,scene-0247-frame-0114,0c7cfb0fa7c747c7854953c7ffce4281
444,0247,124,scene-0247-frame-0124,d7545c15496a40f88ce24f636792e627
445,0247,136,scene-0247-frame-0136,c6e150cff1f946089b0a3706674c75b7
446,0247,146,scene-0247-frame-0146,948a2341569a45d7bc3d2df261aa8620
447,0247,156,scene-0247-frame-0156,649478def2c449288a21a802b461835b
448,0249,0,scene-0249-frame-0000,923e96bf7ddf43febe28a4ee71702c36
449,0249,10,scene-0249-frame-0010,7f816a93a158471aad45c85fdc44b905
450,0249,20,scene-0249-frame-0020,f8a33694b63a4d9db7066c7bb3fd29b3
451,0249,32,scene-0249-frame-0032,94dc0c269058465a8f70dab66d606ebe
452,0249,42,scene-0249-frame-0042,06967d142d584be4bc2a9ef1f9e82b4b
453,0249,52,scene-0249-frame-0052,5ae744b147904916a7e482ee18abb359
454,0249,62,scene-0249-frame-0062,1eef675d160f443599fd6886aea96229
455,0249,72,scene-0249-frame-0072,ad2d7b711d7542fbb346d0a8f1da4b2b
456,0249,84,scene-0249-frame-0084,62a4e424b42d4985b856051ec17808a3
457,0249,94,scene-0249-frame-0094,35f891b51ab64b8b9e273b11dd94aa72
458,0249,104,scene-0249-frame-0104,ee255088831f41a9a8ad4c3f1288b925
459,0249,114,scene-0249-frame-0114,74b48c7896f04654bdb336bce78dd6b9
460,0249,124,scene-0249-frame-0124,7d015dc511414509b9d40d91af6db54e
461,0249,136,scene-0249-frame-0136,3fd2bfd920114a7c93040819f6e3ee2e
462,0249,146,scene-0249-frame-0146,51880f29f1634bee9462be81c1ab8f59
463,0249,156,scene-0249-frame-0156,ffaed1cbd317435583fd9b7dcac1e665
464,0250,0,scene-0250-frame-0000,c1e462309d3f4c3490ab51d1327bbeaa
465,0250,10,scene-0250-frame-0010,f9d702a1b4514904b67a76b5b20778b8
466,0250,20,scene-0250-frame-0020,e1ff05a552604212b529487a92c9d382
467,0250,32,scene-0250-frame-0032,6606a52dc39444cfb2f60d4a892347ca
468,0250,42,scene-0250-frame-0042,ce728b2566cf4e9ab691e7134223ba35
469,0250,52,scene-0250-frame-0052,099e4f677230457fa6f34eae1fa1acfb
470,0250,62,scene-0250-frame-0062,f875c8cd8038485ba07d93d7794c885d
471,0250,72,scene-0250-frame-0072,0cee4cd05e0f4d84a0dfcc687b6a7e96
472,0250,84,scene-0250-frame-0084,401f1f397af84f6990b5264ba0ba35ea
473,0250,94,scene-0250-frame-0094,ab078a153a694904904a3582e01188c0
474,0250,104,scene-0250-frame-0104,5e35dd2f8ea94ae7b04b7ff544613a1c
475,0250,114,scene-0250-frame-0114,9de2e2efc2b94bbaa63a703d104dc54a
476,0250,124,scene-0250-frame-0124,d82eaae69942453aa58cc3e3f8a09e04
477,0250,136,scene-0250-frame-0136,b710d5fb8e5942c998caf71cb337725c
478,0250,146,scene-0250-frame-0146,df0a7d6c62204675977b3e5a1119225d
479,0250,156,scene-0250-frame-0156,b37af19a45624353956b26da3f3325fe
480,0251,0,scene-0251-frame-0000,c5b6586c040f498fa3cbd1497391a2bb
481,0251,10,scene-0251-frame-0010,4ad7f98c912c4b6a8345a4e43fcd771a
482,0251,20,scene-0251-frame-0020,a91f93b3c3be4e708e52531681f812e1
483,0251,32,scene-0251-frame-0032,46dd7a59a33a4faea2e21b48be227ea5
484,0251,42,scene-0251-frame-0042,93bca817056e420c9271fe8691bcb9d2
485,0251,52,scene-0251-frame-0052,2ea9501796a44145abe1d1b6faf41c71
486,0251,62,scene-0251-frame-0062,f7c9915340244f30b1a428a734d6bef8
487,0251,72,scene-0251-frame-0072,a8dfce56ed974e3c89cb0588f170d441
488,0251,84,scene-0251-frame-0084,1f77893e31ee402b96050f99c74d8796
489,0251,94,scene-0251-frame-0094,12d37be0889b4db2bd93cd45d25252b2
490,0251,104,scene-0251-frame-0104,b88a486c16ac4af2923bdff1d01272b0
491,0251,114,scene-0251-frame-0114,33d640dec81b4d46aa489a3a68a04f23
492,0251,124,scene-0251-frame-0124,0f8e3ddb80bc46a4b0f34a730381f2c6
493,0251,136,scene-0251-frame-0136,d3dbf6dc51f148c4a79f1d0bcdf15350
494,0251,146,scene-0251-frame-0146,df727d78135043a18acfca55f87b4203
495,0251,156,scene-0251-frame-0156,b60de4ddbf6e4babab9516e28568eb0e
496,0252,0,scene-0252-frame-0000,031d5f70a717495eae813010d627ebda
497,0252,10,scene-0252-frame-0010,bc166aac2b404381a3a3fb35a06b5d18
498,0252,20,scene-0252-frame-0020,fb2e9c93a6ae49b48b0718feddde80c7
499,0252,32,scene-0252-frame-0032,dfc5974cd67f4f218090d79374c7ebdf
500,0252,42,scene-0252-frame-0042,18c7f4b38af8438fa6cbee80229d2dd3
501,0252,52,scene-0252-frame-0052,242d99f2d66644ecb93461c6d06d0aaa
502,0252,62,scene-0252-frame-0062,4426006c1ccc47cab92e27210c4ff678
503,0252,72,scene-0252-frame-0072,25bcee029f884a8b9203437ff600373f
504,0252,84,scene-0252-frame-0084,20003457a3a34cc7ad14689a4c5f369e
505,0252,94,scene-0252-frame-0094,6b1d1b98981045fea1c961e743660628
506,0252,104,scene-0252-frame-0104,dcc5d55474364a0c97187c62a722722b
507,0252,114,scene-0252-frame-0114,9b0ebe1aa48649a9933f50dd1c88290c
508,0252,124,scene-0252-frame-0124,15b22ab950fa440da394982404535d47
509,0252,136,scene-0252-frame-0136,d70109f2c4fe4a369094b6070cd51862
510,0252,146,scene-0252-frame-0146,39e1c787911c4ed9b403144cd677774b
511,0252,156,scene-0252-frame-0156,615be0ff8576456584a343c275fa5764
512,0253,0,scene-0253-frame-0000,a395c1280f2740bb9a28080ff66608f1
513,0253,10,scene-0253-frame-0010,aeaa2e3bd2c94fa0936f5c4d80624981
514,0253,20,scene-0253-frame-0020,96c723ee321d4cb9b920e9b5f1b40a26
515,0253,32,scene-0253-frame-0032,ee883a8b1c664e548412c19d91da7bc2
516,0253,42,scene-0253-frame-0042,50bc4511823b4dcdb16eb7cc4a2e4e47
517,0253,52,scene-0253-frame-0052,ff2726c158074bb5a511da52fcae6bb6
518,0253,62,scene-0253-frame-0062,f529130a4f324c91acff51f18d3fcb88
519,0253,72,scene-0253-frame-0072,1c0aea4651d045e68c79974c6de63649
520,0253,84,scene-0253-frame-0084,98d7503067ca49d09b67e782ee985be9
521,0253,94,scene-0253-frame-0094,2e80acbe9bec40c4ab4ba1d393cd86d7
522,0253,104,scene-0253-frame-0104,46d756a1e7ca4b498d3c424b74cfb600
523,0253,114,scene-0253-frame-0114,526b8aeddee84ea29764a9985801c45b
524,0253,124,scene-0253-frame-0124,32b3acb23c804a299e4fdee64226290b
525,0253,136,scene-0253-frame-0136,6c54e6add6d44fd6849444606571db0f
526,0253,146,scene-0253-frame-0146,de5a75bb809e4950b86941b54f672853
527,0253,156,scene-0253-frame-0156,43f27a66d36e4b23a9b2c80fb3cd293b
528,0254,0,scene-0254-frame-0000,0d4285014ffb41ccb78fb61065b4ddb1
529,0254,10,scene-0254-frame-0010,505b2a9732c44525a8d81cf0a25a929f
530,0254,20,scene-0254-frame-0020,0e6065358cc14be98ccf9fda392755b6
531,0254,32,scene-0254-frame-0032,e50a2262db8e4893bef0426742822097
532,0254,42,scene-0254-frame-0042,f0305ca600c84d1297b401484e1b8569
533,0254,52,scene-0254-frame-0052,1b1a497f7f74400e9ad19ea40bfbfcdf
534,0254,62,scene-0254-frame-0062,4c555f934bd4442fa696eedeafb25b53
535,0254,72,scene-0254-frame-0072,0f140bb0ab764fc597b25fb5b4b5ddbc
536,0254,84,scene-0254-frame-0084,c8b1c25699654b16a9f275b8497f2eb1
537,0254,94,scene-0254-frame-0094,ca73afb0bcad4f44847c78e3dc6d2aed
538,0254,104,scene-0254-frame-0104,9699b381cec74c7a9de6fe60e067668b
539,0254,114,scene-0254-frame-0114,fd24508f4382477d8b0af7976273884d
540,0254,124,scene-0254-frame-0124,67ff797c09fc4362b42476a6f59a1ad6
541,0254,136,scene-0254-frame-0136,a048766dc13b40c68159146a17a96ef1
542,0254,146,scene-0254-frame-0146,31ced7b4db93461997826bffb49468f9
543,0254,156,scene-0254-frame-0156,b7c3847d0e1f4c8e98fb6207fae83616
544,0255,0,scene-0255-frame-0000,294619ffc7d94618a8030aaf8c8e8bfb
545,0255,10,scene-0255-frame-0010,3775a5b7d32f4e11a2645602da133dcb
546,0255,20,scene-0255-frame-0020,1b2f46dbae924398920d9bfa4648fa39
547,0255,32,scene-0255-frame-0032,6ca095fbe1594dd0a81cf9559bc09e47
548,0255,42,scene-0255-frame-0042,9e88d03b340b4ff18e2c90403de490f8
549,0255,52,scene-0255-frame-0052,86901ffb81bd478898676820166ba904
550,0255,62,scene-0255-frame-0062,259219be363b40938e41bdd9ff252dbf
551,0255,72,scene-0255-frame-0072,8d5e5a2c88e4406887c59f84d50ca16a
552,0255,84,scene-0255-frame-0084,b6f3463f9500467396541f40df03d177
553,0255,94,scene-0255-frame-0094,0631a2b94e4447e28e5d30fc802dced3
554,0255,104,scene-0255-frame-0104,e7afa90ffa074893a0d956feb2745b15
555,0255,114,scene-0255-frame-0114,cc4a594c9bb04fe2a7bfc919a35721e5
556,0255,124,scene-0255-frame-0124,4ae8de8592e746da98a90de7ce095258
557,0255,136,scene-0255-frame-0136,f1e0fdf9da264187aa5dad527c66854f
558,0255,146,scene-0255-frame-0146,50ab9ff307c54492a6f6df76574ed7da
559,0255,156,scene-0255-frame-0156,b18d3e061c2240b987b3d47845538b59
560,0256,0,scene-0256-frame-0000,2c8dc81fbfc047c9891c142a3ce9910c
561,0256,10,scene-0256-frame-0010,8dc397b4aaeb4a29aa9dcb89e7dc5d40
562,0256,20,scene-0256-frame-0020,17d76bea7c4d46bdab358bf0b5540e8c
563,0256,32,scene-0256-frame-0032,d1dac0fd65d34632a9f97a2fbbf63b81
564,0256,42,scene-0256-frame-0042,473109784479461f91e512d257260f20
565,0256,52,scene-0256-frame-0052,23a6552eb7fa4c77bc26d54575216b75
566,0256,62,scene-0256-frame-0062,824137f29257428f9ecd81197b8213c4
567,0256,72,scene-0256-frame-0072,1cf97ae84d8248d8a56ded75fdc3d435
568,0256,84,scene-0256-frame-0084,33f75d1c0d714305a7aa0fb93e3baf84
569,0256,94,scene-0256-frame-0094,e8cabd4b31f447a49697e64ae6c56833
570,0256,104,scene-0256-frame-0104,3acf2ede667b448b848aaf751588cdc9
571,0256,114,scene-0256-frame-0114,a27757b606cc4ba3ad938398892602ea
572,0256,124,scene-0256-frame-0124,be9a9bd75c32492c8a801322eb344d03
573,0256,136,scene-0256-frame-0136,5b56ec78fd1b40df825bd36aff35db96
574,0256,146,scene-0256-frame-0146,966152492b5246c98f6e16b044d648cd
575,0256,156,scene-0256-frame-0156,d987aaf7440b41959a871ce4bf40eed2
576,0257,0,scene-0257-frame-0000,b3ef29217c9c482295f048d4dd470a6f
577,0257,10,scene-0257-frame-0010,d06b2fb709ad4440b23a9b20b7132c65
578,0257,20,scene-0257-frame-0020,770d36f80f694bf4ae2b83cb2220c94d
579,0257,32,scene-0257-frame-0032,e26afa5669554a859b5d79ed4d08a526
580,0257,42,scene-0257-frame-0042,7340f8d6bd7a48ba93aea0097efd36ed
581,0257,52,scene-0257-frame-0052,8bd5755fd4c240639e04aea9a675df08
582,0257,62,scene-0257-frame-0062,01a9f6b162904127a2b2b78f4a859de5
583,0257,72,scene-0257-frame-0072,afb8f97a2d6248ac8e0e7f9084c9c563
584,0257,84,scene-0257-frame-0084,3e70929ee6ff48f38731924c04b56e0a
585,0257,94,scene-0257-frame-0094,81dbd40065e84e52b1e872904d2abce7
586,0257,104,scene-0257-frame-0104,522b8316dd4b458f85d2c10ff8ac400e
587,0257,114,scene-0257-frame-0114,91b960d493d94239afb520e1f2f43a50
588,0257,124,scene-0257-frame-0124,d138f1cbdb5a4582a7fe41a671a6597a
589,0257,136,scene-0257-frame-0136,1613bdd42cbe404c9bb7bcbbfd422552
590,0257,146,scene-0257-frame-0146,d2f166699f1d455a90cd9520825709eb
591,0257,156,scene-0257-frame-0156,8bdf843104a0450eace2830a682c0c0c
592,0258,0,scene-0258-frame-0000,67c466b164534f169f812e05ca1a750b
593,0258,10,scene-0258-frame-0010,45ca6c27aa9340559534fcf25300b5c5
594,0258,20,scene-0258-frame-0020,a61669aeb15f41e9be48947fd69ff036
595,0258,32,scene-0258-frame-0032,08972ddc5cd54c23813bb262f10b9d1a
596,0258,42,scene-0258-frame-0042,8c2961a5d2784e1eb3f5759b4c692f4d
597,0258,52,scene-0258-frame-0052,aa4f4c44d3fa4eb8b99d078f453d344f
598,0258,62,scene-0258-frame-0062,93846394455a497faebbedbef1ab2f90
599,0258,72,scene-0258-frame-0072,915c45564b96424bb7f984c4896c4029
600,0258,84,scene-0258-frame-0084,4f8c162fa802479987c9dd50f52ceab5
601,0258,94,scene-0258-frame-0094,d722d9df359f4103bc448b204c548737
602,0258,104,scene-0258-frame-0104,415b8fd347304d2fbe65313ad72afbf4
603,0258,114,scene-0258-frame-0114,f0030444a9bd4cd98a8299168e004d07
604,0258,124,scene-0258-frame-0124,d03bf9564f034b379ce7e4c06365e9ff
605,0258,136,scene-0258-frame-0136,0bdfd7df4cd641868b08372b35286416
606,0258,146,scene-0258-frame-0146,be60a37035b34eb788f0b5a34a3ec4fd
607,0258,156,scene-0258-frame-0156,5c9e217fded543b9844c8d66df1c7c2a
608,0259,0,scene-0259-frame-0000,b0196fb0ca124166b792d65a4d2a77c5
609,0259,10,scene-0259-frame-0010,d94e45b7e2ac43b8b61593e163ff2d85
610,0259,20,scene-0259-frame-0020,39af5c0765464d44861670f06f4acb8f
611,0259,32,scene-0259-frame-0032,45f1a93d3c7340818a023c7f22b27b4e
612,0259,42,scene-0259-frame-0042,c87083e7ddc94d93a9e9e35be9000bff
613,0259,52,scene-0259-frame-0052,e0993f86b29d46f2b8db41ee3fd87fd9
614,0259,62,scene-0259-frame-0062,96a0a63addd846aa92f111e78ad3efad
615,0259,72,scene-0259-frame-0072,df08c8d96a674d8da7e33babfc9adf11
616,0259,84,scene-0259-frame-0084,b681953255d8466bb694b53cbdf2028a
617,0259,94,scene-0259-frame-0094,82dcf1289e544063958bd9d0da448697
618,0259,104,scene-0259-frame-0104,4ee1daa47e5246a3b602c2b6846ebd04
619,0259,114,scene-0259-frame-0114,8e4763e76daf4788bf0cfad9bf55bf8b
620,0259,124,scene-0259-frame-0124,6fc9e9473f9d4284a220a52bcf4b2bf9
621,0259,136,scene-0259-frame-0136,197d4d912f71465d966d6dd99c2daf7d
622,0259,146,scene-0259-frame-0146,68a8f65d26e44163a586df441cb8353a
623,0259,156,scene-0259-frame-0156,56599d3f8dcd45b08319663130093149
624,0261,0,scene-0261-frame-0000,e2f4081803674ceb97c6d0c9bf460039
625,0261,10,scene-0261-frame-0010,133385722e07425db17ed25096ff17e1
626,0261,20,scene-0261-frame-0020,ac3cb21fbce2408dbe072bd419ca7678
627,0261,32,scene-0261-frame-0032,b3e829aefb4e4f93a0c36a1a45d4ec21
628,0261,42,scene-0261-frame-0042,2c984e4ded9a43a5a2f5693597f1c5a8
629,0261,52,scene-0261-frame-0052,d2fde445777a42c0ac6aae4d156784d9
630,0261,62,scene-0261-frame-0062,49a20baa2a4340508ed751dfa4785755
631,0261,72,scene-0261-frame-0072,476e0d9e74134016ba4689e56de1753e
632,0261,84,scene-0261-frame-0084,5b2ce0fd59bd44b793fab0abff494864
633,0261,94,scene-0261-frame-0094,36b3144606b5496d9be60082e9d4c209
634,0261,104,scene-0261-frame-0104,fbeb13f4f2c9427e9902c3fbd25b55b0
635,0261,114,scene-0261-frame-0114,5bcf01514a5c400885aabf068263c66f
636,0261,124,scene-0261-frame-0124,427b91671c794addb789378fa8402591
637,0261,136,scene-0261-frame-0136,5cabbe9cfa804412854e0ba888004028
638,0261,146,scene-0261-frame-0146,ad104dd168e94f38bea210d3faba3537
639,0261,156,scene-0261-frame-0156,983276f301064142960fc6fbe346952d
640,0262,0,scene-0262-frame-0000,c197fbbd273d4123a9133246988b5917
641,0262,10,scene-0262-frame-0010,8f8c58d364964fae97fd49ecc8e8dfc9
642,0262,20,scene-0262-frame-0020,e800244b5e52458aa3cf4f4b739efdd7
643,0262,32,scene-0262-frame-0032,e36a594bc66d4e9cbf01d446bd718fe1
644,0262,42,scene-0262-frame-0042,5f357597095b4c48b88ec2d1f7236bcc
645,0262,52,scene-0262-frame-0052,579d65ff665f4339a0a85d5f1618730a
646,0262,62,scene-0262-frame-0062,521e1f20879a4b7a81ac8ef206bb5964
647,0262,72,scene-0262-frame-0072,fac92a2dac514665890b4a895863d37e
648,0262,84,scene-0262-frame-0084,fa553e677020459799f51fd6fceb1574
649,0262,94,scene-0262-frame-0094,71ed97940db9404fa1689e209c854530
650,0262,104,scene-0262-frame-0104,af09dc8e910b490eafedf42e658d8686
651,0262,114,scene-0262-frame-0114,b17ec92f76814f33b18bfd4257abed13
652,0262,124,scene-0262-frame-0124,dda4dc78f08a4e429291bd9742393bd5
653,0262,136,scene-0262-frame-0136,2a90983368e3473793ead9b6b7b976d8
654,0262,146,scene-0262-frame-0146,8be0f2b4b9f24b90884451bd2546665d
655,0262,156,scene-0262-frame-0156,01df1e270b7e4195a0bfaa2fb8c65d0e
656,0263,0,scene-0263-frame-0000,7b84069f593f4005bed15b3aa2e1f293
657,0263,10,scene-0263-frame-0010,de6c88b94d934c3db7fd0936f29ebc30
658,0263,20,scene-0263-frame-0020,7926e4c5651c44ca9c3965979ab57008
659,0263,32,scene-0263-frame-0032,3fc2243289664371b5b29724e8433876
660,0263,42,scene-0263-frame-0042,07754ac5233a4f0bbf65d0e4da57b6ca
661,0263,52,scene-0263-frame-0052,cd7f18165eb24eb3ad6ba31cf7b787f1
662,0263,62,scene-0263-frame-0062,8009ac7c2eca4f2f9c0798e9ba682f59
663,0263,72,scene-0263-frame-0072,a6484d031ded429cb94d13c74d509fb1
664,0263,84,scene-0263-frame-0084,21c4add33c7e42b6a805a81bd0b63bdf
665,0263,94,scene-0263-frame-0094,0e7ebf1d50f5461dabe5443fac3ea465
666,0263,104,scene-0263-frame-0104,8359b8b929754c52883b975376fa00b2
667,0263,114,scene-0263-frame-0114,d2fdef160ded47e5a76e939a46f63f86
668,0263,124,scene-0263-frame-0124,9436ccbca9fc47b4a052a6fb1db4f999
669,0263,136,scene-0263-frame-0136,deec40c3eefe4c0ba6bcc96e34bce9e2
670,0263,146,scene-0263-frame-0146,523f5d9275b2469085f5596e46b99566
671,0263,156,scene-0263-frame-0156,3a3ab65cc7414dd79930519174dc2d16
672,0264,0,scene-0264-frame-0000,d6e3fd9de1494b79a3630855b4a3f228
673,0264,10,scene-0264-frame-0010,3863fade50014b44b04e112cdf1ed288
674,0264,20,scene-0264-frame-0020,bacd83a3339e4f359c14d1836cf1bb3c
675,0264,32,scene-0264-frame-0032,a8cec84f262644839a13022b5db58062
676,0264,42,scene-0264-frame-0042,7a734019bad1416ab0c9d061cd44724b
677,0264,52,scene-0264-frame-0052,8a1776825d714d9ea36844b1f371699e
678,0264,62,scene-0264-frame-0062,696210abb7984ef09a26718f6240be93
679,0264,72,scene-0264-frame-0072,29348fda03eb49f1b61ea42196066aa9
680,0264,84,scene-0264-frame-0084,466054ebdfb24f8eaecd2e8a3c522b6b
681,0264,94,scene-0264-frame-0094,b02098ed7e0b437a88aaf11663565758
682,0264,104,scene-0264-frame-0104,944321319c7e41c182af728807cc4107
683,0264,114,scene-0264-frame-0114,a46f61690a0b46c2bf0fdbcb629e2dd0
684,0264,124,scene-0264-frame-0124,5ad80d2088ed4e8185b1b288d3d6f0f1
685,0264,136,scene-0264-frame-0136,2a1fa0d672fb49d1a1dd23f22dc36ba5
686,0264,146,scene-0264-frame-0146,dc7b7c5b9dc3403dbf291108d97851cc
687,0264,156,scene-0264-frame-0156,7a65692c5dc343c6a610f68532ca5464
688,0265,0,scene-0265-frame-0000,14e82364dcca43cbbc98d95df119d0e5
689,0265,10,scene-0265-frame-0010,0c41b4dc1aa1430197058f8bbd52dec9
690,0265,20,scene-0265-frame-0020,01209e43d3ac495ba14df147933a5c7d
691,0265,32,scene-0265-frame-0032,b229b59ea3174f60939e6384e1026814
692,0265,42,scene-0265-frame-0042,1c85e805fc9947e3bc6e3dbf49671afb
693,0265,52,scene-0265-frame-0052,9ee9c22c0cf74e77b080bcb82d67b588
694,0265,62,scene-0265-frame-0062,10dc4327a67d45d48e9d3e9ee627287e
695,0265,72,scene-0265-frame-0072,9ac5e1651b8b4350b811b8a6296a1de2
696,0265,84,scene-0265-frame-0084,c0a9ba8297e7408e98f00e80aaf702d9
697,0265,94,scene-0265-frame-0094,5d460e0026644e35bc252bbf73784d89
698,0265,104,scene-0265-frame-0104,5d7befc77ac54e2e87e2635eb947f501
699,0265,114,scene-0265-frame-0114,4702d8db6b3746f5af4ce1b28f3ac541
700,0265,124,scene-0265-frame-0124,9a8c7211b3b04c09ad3307760cb7a998
701,0265,136,scene-0265-frame-0136,55fe46618bfa43ad9a78f0d9a8e6319c
702,0265,146,scene-0265-frame-0146,16d5a21f052f48b8abf2dae788bd72b5
703,0265,156,scene-0265-frame-0156,31d4a09ca4674b7cb764b86e201c2ea4
704,0266,0,scene-0266-frame-0000,84e1736a60334f6f8fa3c8e1f8dd9071
705,0266,10,scene-0266-frame-0010,33625645a87049ffb1b22455d28f4ba3
706,0266,20,scene-0266-frame-0020,2f641cbef16f4658a3f36999c04990c5
707,0266,32,scene-0266-frame-0032,07b42ecc835b4abda29612d3c411d5f4
708,0266,42,scene-0266-frame-0042,d0ddcd9a11e642fb85265301eac3d182
709,0266,52,scene-0266-frame-0052,4dc2a72032d448e3899ec55a868cabe3
710,0266,62,scene-0266-frame-0062,d75977a4a2b44d3d96b17ed3c997374e
711,0266,72,scene-0266-frame-0072,2a4115cf168f4ba8a41a27562e2d7b22
712,0266,84,scene-0266-frame-0084,13bd0170eccc47df9c7a778cfe0783a0
713,0266,94,scene-0266-frame-0094,1f5708950a3e42c0b679ffb1a8d2c488
714,0266,104,scene-0266-frame-0104,82ca308633de4a7fb5136c8d506a6a28
715,0266,114,scene-0266-frame-0114,5882a71ca319414d88567bee40ae3298
716,0266,124,scene-0266-frame-0124,c9aa986aa056407ea0a29329bc0cd67a
717,0266,136,scene-0266-frame-0136,bdf57b3bdbdd4897b11a47d67bdd483e
718,0266,146,scene-0266-frame-0146,8688b122dfab47ffb140d62bb2ef5678
719,0266,156,scene-0266-frame-0156,09c544e9b5d54ebca67b1bc6d6ab3d3c
720,0267,0,scene-0267-frame-0000,523bc0b50b584b1c8efdc901d1bf99f7
721,0267,10,scene-0267-frame-0010,b89278df94f5409c9ce96c3b7bd47b97
722,0267,20,scene-0267-frame-0020,ff26611437384df0a6a405216597abca
723,0267,32,scene-0267-frame-0032,71f28857301a48a59d8d92d103e79718
724,0267,42,scene-0267-frame-0042,2da8720dd41a423b92a14ea6ccce9698
725,0267,52,scene-0267-frame-0052,1ff6b19831914e1e9e43e026d850540d
726,0267,62,scene-0267-frame-0062,b14c19591e2040f5a70156e1471a1a4e
727,0267,72,scene-0267-frame-0072,953622b4331b41c7b29e8201bfde61c1
728,0267,84,scene-0267-frame-0084,270f3792323043baba9ab81c7d2c9165
729,0267,94,scene-0267-frame-0094,5e06676b21c74400b1c4bb280a25e22d
730,0267,104,scene-0267-frame-0104,60aa35a7926d4d409baad7bb5ac96f06
731,0267,114,scene-0267-frame-0114,3ef740ea96a24bce8a40fcdf67341d7b
732,0267,124,scene-0267-frame-0124,381bf9a5544a4f018b6534c73cbc5b7c
733,0267,136,scene-0267-frame-0136,527e775a48bc4f92a2a283cc3a416079
734,0267,146,scene-0267-frame-0146,3379c2db1e2149ebbe5de29bfefb703c
735,0267,156,scene-0267-frame-0156,9e913395e7414975bd7dff0a4dc02a23
736,0268,0,scene-0268-frame-0000,dcc64c14b2fe418db3dcf9295f215ac6
737,0268,10,scene-0268-frame-0010,b8590072d0824644b8556a27bc556bbd
738,0268,20,scene-0268-frame-0020,f2757cbcf3704ad9aea11969094e7a75
739,0268,32,scene-0268-frame-0032,9478880df4b646a68301a063f4fc1bc0
740,0268,42,scene-0268-frame-0042,975d8d5ee83244cc9b10e0e7e9be8d18
741,0268,52,scene-0268-frame-0052,5015e65c82674514a52bb230be2b0fc5
742,0268,62,scene-0268-frame-0062,d3c82654421a4d08bdcac4762918d1c3
743,0268,72,scene-0268-frame-0072,e11e72ff71b043f08ac639388f5dfd77
744,0268,84,scene-0268-frame-0084,3d81cf842a0045cab86cf55d56159305
745,0268,94,scene-0268-frame-0094,82b48f49d6f74fb6a1b39c6ec61fcf5c
746,0268,104,scene-0268-frame-0104,8160afbe0d1941d48b93258e1ce7ab0b
747,0268,114,scene-0268-frame-0114,b7a304a741c244b3a4bcb5ba4fce82d8
748,0268,124,scene-0268-frame-0124,a40c2a6a911b4325ae64ef6a646157e0
749,0268,136,scene-0268-frame-0136,f81354e05ca144e8a14919ff23731ac1
750,0268,146,scene-0268-frame-0146,28f4c41d34174ab8b093e9027b06b20c
751,0268,156,scene-0268-frame-0156,900d35692a43499cbf5b2d51ae9eb322
752,0269,0,scene-0269-frame-0000,88480492bf5342d089e29479be9eb689
753,0269,10,scene-0269-frame-0010,93c3a8729e38483687c1d733caf03d48
754,0269,20,scene-0269-frame-0020,15d36b07a7cf4e4384f33925e4ecafdb
755,0269,32,scene-0269-frame-0032,088a2b2d28034b3ca0508b4230679d2d
756,0269,42,scene-0269-frame-0042,551a92ae43ca4ca9b645e482aba60b43
757,0269,52,scene-0269-frame-0052,cd7901e3c4e64dd189764a822c9491f5
758,0269,62,scene-0269-frame-0062,df8ab12403c046b78cdda96e93fff623
759,0269,72,scene-0269-frame-0072,00d6e1f2de3542eabe0e25c68d42e7dd
760,0269,84,scene-0269-frame-0084,58eb9a9e2fe14b3ca19efd49f5b38234
761,0269,94,scene-0269-frame-0094,ac010500f5e14de98cb2a0158d987040
762,0269,104,scene-0269-frame-0104,51f41af927bd489f84806ad7e65a366f
763,0269,114,scene-0269-frame-0114,d6f347b5748744b1880a27d2eb5276e0
764,0269,124,scene-0269-frame-0124,5e0aa322ede04f8bb2980b6d05a68f30
765,0269,136,scene-0269-frame-0136,b1411c1163df4e87a6f89849ac2aa975
766,0269,146,scene-0269-frame-0146,f1ae357c2aad4b519208f2aa5fdd80fc
767,0269,156,scene-0269-frame-0156,85d9348ca9e34bea965037aec0d67682
