condition,axis,signed_mag,protocol,nds,map6,mATE,mASE,mAOE,mAVE,mAAE,nds_10class,map_10class,rrs
Normal,-,0,all,0.4900,0.4377,0.6008,0.1442,0.3991,2.4321,0.1447,0.3108,0.2626,1.0000
ER,yaw,-20,all,0.1948,0.0208,1.4494,0.2227,0.6658,2.6296,0.2676,0.1301,0.0125,0.3976
ER,yaw,-20,CAM_FRONT,0.4067,0.2882,0.6313,0.1495,0.4339,2.4975,0.1593,0.2604,0.1729,0.8301
ER,yaw,-20,CAM_FRONT_RIGHT,0.4618,0.3995,0.6600,0.1452,0.4136,2.4560,0.1610,0.2936,0.2397,0.9424
ER,yaw,-20,CAM_FRONT_LEFT,0.4423,0.3493,0.6248,0.1472,0.3991,2.4674,0.1525,0.2821,0.2096,0.9027
ER,yaw,-20,CAM_BACK,0.3702,0.2244,0.6562,0.1522,0.4459,2.4959,0.1655,0.2384,0.1347,0.7556
ER,yaw,-20,CAM_BACK_LEFT,0.4297,0.3488,0.6900,0.1449,0.4291,2.5641,0.1837,0.2738,0.2093,0.8769
ER,yaw,-20,CAM_BACK_RIGHT,0.4557,0.3841,0.6805,0.1454,0.4136,2.3881,0.1235,0.2905,0.2304,0.9301
ER,yaw,-16,all,0.2211,0.0314,1.3775,0.2038,0.5184,2.1706,0.2234,0.1475,0.0188,0.4513
ER,yaw,-16,CAM_FRONT,0.4106,0.2917,0.6376,0.1483,0.4154,2.4021,0.1513,0.2630,0.1750,0.8380
ER,yaw,-16,CAM_FRONT_RIGHT,0.4701,0.4089,0.6464,0.1453,0.4085,2.3396,0.1432,0.2989,0.2454,0.9595
ER,yaw,-16,CAM_FRONT_LEFT,0.4473,0.3615,0.6254,0.1464,0.4102,2.5011,0.1523,0.2850,0.2169,0.9129
ER,yaw,-16,CAM_BACK,0.3745,0.2337,0.6554,0.1511,0.4375,2.5778,0.1795,0.2408,0.1402,0.7644
ER,yaw,-16,CAM_BACK_LEFT,0.4366,0.3579,0.6923,0.1457,0.4101,2.5207,0.1753,0.2783,0.2147,0.8910
ER,yaw,-16,CAM_BACK_RIGHT,0.4545,0.3871,0.7064,0.1438,0.4087,2.4692,0.1319,0.2896,0.2322,0.9275
ER,yaw,-12,all,0.2445,0.0629,1.3793,0.1606,0.4353,2.0448,0.2732,0.1614,0.0378,0.4991
ER,yaw,-12,CAM_FRONT,0.4136,0.2995,0.6407,0.1495,0.4142,2.3816,0.1568,0.2647,0.1797,0.8442
ER,yaw,-12,CAM_FRONT_RIGHT,0.4763,0.4176,0.6337,0.1446,0.4064,2.3276,0.1408,0.3026,0.2506,0.9720
ER,yaw,-12,CAM_FRONT_LEFT,0.4519,0.3694,0.6266,0.1452,0.4020,2.4964,0.1544,0.2878,0.2217,0.9223
ER,yaw,-12,CAM_BACK,0.3834,0.2514,0.6736,0.1511,0.4236,2.4520,0.1748,0.2462,0.1508,0.7824
ER,yaw,-12,CAM_BACK_LEFT,0.4446,0.3712,0.7069,0.1446,0.3889,2.4318,0.1701,0.2833,0.2227,0.9073
ER,yaw,-12,CAM_BACK_RIGHT,0.4631,0.3971,0.6743,0.1430,0.4053,2.4939,0.1323,0.2948,0.2382,0.9451
ER,yaw,-8,all,0.2891,0.1304,1.1442,0.1522,0.3759,2.2826,0.2326,0.1892,0.0783,0.5901
ER,yaw,-8,CAM_FRONT,0.4249,0.3228,0.6489,0.1482,0.4133,2.4082,0.1546,0.2715,0.1937,0.8672
ER,yaw,-8,CAM_FRONT_RIGHT,0.4754,0.4170,0.6430,0.1445,0.4017,2.2875,0.1419,0.3021,0.2502,0.9702
ER,yaw,-8,CAM_FRONT_LEFT,0.4578,0.3826,0.6444,0.1451,0.3973,2.4683,0.1480,0.2915,0.2296,0.9344
ER,yaw,-8,CAM_BACK,0.4043,0.2878,0.6895,0.1514,0.3841,2.4345,0.1715,0.2591,0.1727,0.8251
ER,yaw,-8,CAM_BACK_LEFT,0.4530,0.3859,0.6786,0.1448,0.4037,2.4674,0.1725,0.2882,0.2316,0.9245
ER,yaw,-8,CAM_BACK_RIGHT,0.4816,0.4238,0.6055,0.1436,0.3913,2.5613,0.1622,0.3056,0.2543,0.9830
ER,yaw,-4,all,0.3741,0.2757,0.9590,0.1419,0.3633,2.3476,0.1734,0.2411,0.1654,0.7635
ER,yaw,-4,CAM_FRONT,0.4510,0.3775,0.6816,0.1449,0.3986,2.4069,0.1522,0.2873,0.2265,0.9205
ER,yaw,-4,CAM_FRONT_RIGHT,0.4825,0.4281,0.6272,0.1446,0.3997,2.3698,0.1441,0.3063,0.2569,0.9847
ER,yaw,-4,CAM_FRONT_LEFT,0.4736,0.4119,0.6423,0.1452,0.3912,2.4522,0.1453,0.3010,0.2471,0.9665
ER,yaw,-4,CAM_BACK,0.4424,0.3611,0.7098,0.1439,0.3694,2.3128,0.1578,0.2823,0.2166,0.9030
ER,yaw,-4,CAM_BACK_LEFT,0.4744,0.4179,0.6470,0.1448,0.4073,2.4533,0.1463,0.3014,0.2507,0.9682
ER,yaw,-4,CAM_BACK_RIGHT,0.4868,0.4329,0.6001,0.1435,0.3978,2.5456,0.1553,0.3087,0.2597,0.9935
ER,yaw,4,all,0.3748,0.2644,0.9527,0.1453,0.3604,2.1501,0.1154,0.2424,0.1586,0.7649
ER,yaw,4,CAM_FRONT,0.4500,0.3782,0.6814,0.1443,0.4104,2.4711,0.1549,0.2866,0.2269,0.9184
ER,yaw,4,CAM_FRONT_RIGHT,0.4847,0.4294,0.6086,0.1447,0.3992,2.4284,0.1474,0.3076,0.2576,0.9893
ER,yaw,4,CAM_FRONT_LEFT,0.4766,0.4160,0.6261,0.1449,0.3944,2.4622,0.1490,0.3027,0.2496,0.9727
ER,yaw,4,CAM_BACK,0.4316,0.3443,0.7428,0.1441,0.3753,2.2046,0.1436,0.2760,0.2066,0.8808
ER,yaw,4,CAM_BACK_LEFT,0.4808,0.4237,0.6330,0.1435,0.3916,2.4398,0.1422,0.3054,0.2542,0.9813
ER,yaw,4,CAM_BACK_RIGHT,0.4815,0.4228,0.6305,0.1453,0.4021,2.3332,0.1211,0.3061,0.2537,0.9827
ER,yaw,8,all,0.2901,0.1247,1.0755,0.1522,0.3677,1.9937,0.2025,0.1902,0.0748,0.5921
ER,yaw,8,CAM_FRONT,0.4238,0.3239,0.6529,0.1478,0.4207,2.4564,0.1602,0.2707,0.1943,0.8649
ER,yaw,8,CAM_FRONT_RIGHT,0.4811,0.4236,0.6078,0.1445,0.4022,2.4264,0.1528,0.3053,0.2541,0.9818
ER,yaw,8,CAM_FRONT_LEFT,0.4600,0.3876,0.6318,0.1463,0.4114,2.4748,0.1479,0.2927,0.2325,0.9389
ER,yaw,8,CAM_BACK,0.4009,0.2792,0.7151,0.1460,0.3631,2.1327,0.1623,0.2574,0.1675,0.8183
ER,yaw,8,CAM_BACK_LEFT,0.4605,0.3944,0.6711,0.1443,0.3893,2.4825,0.1627,0.2929,0.2366,0.9398
ER,yaw,8,CAM_BACK_RIGHT,0.4748,0.4131,0.6418,0.1447,0.3997,2.3810,0.1312,0.3019,0.2479,0.9691
ER,yaw,12,all,0.2497,0.0635,1.2658,0.1584,0.4525,2.1442,0.2099,0.1653,0.0381,0.5096
ER,yaw,12,CAM_FRONT,0.4116,0.3012,0.6527,0.1486,0.4279,2.4543,0.1609,0.2634,0.1807,0.8401
ER,yaw,12,CAM_FRONT_RIGHT,0.4713,0.4103,0.6290,0.1457,0.4025,2.4909,0.1611,0.2994,0.2462,0.9619
ER,yaw,12,CAM_FRONT_LEFT,0.4509,0.3726,0.6268,0.1448,0.4333,2.5065,0.1492,0.2871,0.2236,0.9203
ER,yaw,12,CAM_BACK,0.3876,0.2526,0.6968,0.1467,0.3758,2.1009,0.1670,0.2492,0.1515,0.7912
ER,yaw,12,CAM_BACK_LEFT,0.4495,0.3748,0.6839,0.1440,0.3906,2.4798,0.1607,0.2864,0.2249,0.9174
ER,yaw,12,CAM_BACK_RIGHT,0.4674,0.4021,0.6565,0.1463,0.4037,2.4055,0.1298,0.2975,0.2413,0.9540
ER,yaw,16,all,0.2248,0.0332,1.2734,0.1768,0.5057,1.9792,0.2357,0.1496,0.0199,0.4588
ER,yaw,16,CAM_FRONT,0.4043,0.2836,0.6389,0.1493,0.4332,2.4264,0.1538,0.2590,0.1702,0.8251
ER,yaw,16,CAM_FRONT_RIGHT,0.4667,0.4068,0.6574,0.1459,0.3970,2.5361,0.1661,0.2966,0.2441,0.9526
ER,yaw,16,CAM_FRONT_LEFT,0.4412,0.3585,0.6424,0.1460,0.4445,2.5054,0.1472,0.2812,0.2151,0.9005
ER,yaw,16,CAM_BACK,0.3802,0.2357,0.6816,0.1477,0.3793,2.1006,0.1682,0.2447,0.1414,0.7759
ER,yaw,16,CAM_BACK_LEFT,0.4448,0.3625,0.6684,0.1441,0.3858,2.4713,0.1666,0.2835,0.2175,0.9077
ER,yaw,16,CAM_BACK_RIGHT,0.4629,0.3949,0.6612,0.1487,0.4114,2.3624,0.1237,0.2948,0.2369,0.9448
ER,yaw,20,all,0.1693,0.0257,1.2383,0.3352,0.6818,1.9661,0.4180,0.1125,0.0154,0.3456
ER,yaw,20,CAM_FRONT,0.4030,0.2819,0.6426,0.1490,0.4378,2.4513,0.1500,0.2583,0.1691,0.8225
ER,yaw,20,CAM_FRONT_RIGHT,0.4628,0.3999,0.6645,0.1465,0.3945,2.5276,0.1663,0.2942,0.2400,0.9445
ER,yaw,20,CAM_FRONT_LEFT,0.4388,0.3551,0.6445,0.1441,0.4556,2.5133,0.1437,0.2797,0.2131,0.8955
ER,yaw,20,CAM_BACK,0.3766,0.2292,0.6730,0.1469,0.3912,2.1838,0.1691,0.2425,0.1375,0.7686
ER,yaw,20,CAM_BACK_LEFT,0.4403,0.3535,0.6629,0.1471,0.3878,2.4649,0.1663,0.2808,0.2121,0.8987
ER,yaw,20,CAM_BACK_RIGHT,0.4606,0.3894,0.6578,0.1490,0.4118,2.3805,0.1227,0.2934,0.2336,0.9400
ER,pitch,-20,all,0.1816,0.0229,1.1277,0.3938,0.6897,3.2486,0.2154,0.1228,0.0137,0.3706
ER,pitch,-20,CAM_FRONT,0.4445,0.3607,0.6091,0.1520,0.4336,2.3185,0.1638,0.2830,0.2164,0.9071
ER,pitch,-20,CAM_FRONT_RIGHT,0.4743,0.4134,0.6213,0.1450,0.4066,2.4240,0.1509,0.3013,0.2480,0.9680
ER,pitch,-20,CAM_FRONT_LEFT,0.4619,0.4014,0.6189,0.1455,0.4694,2.6902,0.1541,0.2934,0.2408,0.9427
ER,pitch,-20,CAM_BACK,0.4224,0.3133,0.6234,0.1547,0.3902,2.2047,0.1742,0.2699,0.1880,0.8621
ER,pitch,-20,CAM_BACK_LEFT,0.4503,0.3811,0.6444,0.1454,0.4506,2.7024,0.1619,0.2864,0.2287,0.9191
ER,pitch,-20,CAM_BACK_RIGHT,0.4737,0.4072,0.6212,0.1468,0.4126,2.4537,0.1187,0.3014,0.2443,0.9668
ER,pitch,-16,all,0.2227,0.0706,1.1804,0.3181,0.5991,3.0862,0.2084,0.1482,0.0423,0.4545
ER,pitch,-16,CAM_FRONT,0.4509,0.3715,0.6201,0.1518,0.4214,2.3397,0.1554,0.2870,0.2229,0.9202
ER,pitch,-16,CAM_FRONT_RIGHT,0.4784,0.4197,0.6083,0.1459,0.4029,2.4612,0.1575,0.3037,0.2518,0.9764
ER,pitch,-16,CAM_FRONT_LEFT,0.4650,0.4064,0.6227,0.1470,0.4577,2.6795,0.1542,0.2953,0.2438,0.9491
ER,pitch,-16,CAM_BACK,0.4291,0.3304,0.6350,0.1563,0.3946,2.1787,0.1749,0.2739,0.1982,0.8758
ER,pitch,-16,CAM_BACK_LEFT,0.4522,0.3840,0.6435,0.1509,0.4448,2.6979,0.1588,0.2876,0.2304,0.9229
ER,pitch,-16,CAM_BACK_RIGHT,0.4783,0.4194,0.6097,0.1447,0.4068,2.5339,0.1523,0.3037,0.2516,0.9763
ER,pitch,-12,all,0.2791,0.1570,1.0084,0.2494,0.5324,2.5796,0.2125,0.1824,0.0942,0.5696
ER,pitch,-12,CAM_FRONT,0.4543,0.3795,0.6391,0.1533,0.4095,2.3207,0.1525,0.2892,0.2277,0.9272
ER,pitch,-12,CAM_FRONT_RIGHT,0.4798,0.4235,0.6131,0.1463,0.4032,2.3997,0.1572,0.3045,0.2541,0.9791
ER,pitch,-12,CAM_FRONT_LEFT,0.4669,0.4089,0.6233,0.1467,0.4539,2.6353,0.1517,0.2965,0.2453,0.9529
ER,pitch,-12,CAM_BACK,0.4359,0.3459,0.6421,0.1572,0.3892,2.2268,0.1820,0.2779,0.2076,0.8897
ER,pitch,-12,CAM_BACK_LEFT,0.4604,0.3960,0.6374,0.1455,0.4379,2.6403,0.1552,0.2927,0.2376,0.9396
ER,pitch,-12,CAM_BACK_RIGHT,0.4815,0.4239,0.6006,0.1440,0.4055,2.5574,0.1544,0.3055,0.2543,0.9827
ER,pitch,-8,all,0.3531,0.2599,0.8108,0.2113,0.5301,2.6310,0.2163,0.2267,0.1559,0.7206
ER,pitch,-8,CAM_FRONT,0.4644,0.4000,0.6295,0.1535,0.4192,2.3533,0.1534,0.2952,0.2400,0.9479
ER,pitch,-8,CAM_FRONT_RIGHT,0.4847,0.4311,0.6087,0.1473,0.4030,2.3821,0.1489,0.3076,0.2587,0.9893
ER,pitch,-8,CAM_FRONT_LEFT,0.4703,0.4159,0.6185,0.1480,0.4612,2.6657,0.1491,0.2985,0.2495,0.9598
ER,pitch,-8,CAM_BACK,0.4542,0.3787,0.6365,0.1597,0.3949,2.3028,0.1606,0.2891,0.2272,0.9270
ER,pitch,-8,CAM_BACK_LEFT,0.4712,0.4113,0.6227,0.1468,0.4162,2.5961,0.1586,0.2992,0.2468,0.9617
ER,pitch,-8,CAM_BACK_RIGHT,0.4858,0.4324,0.5942,0.1448,0.4063,2.4828,0.1585,0.3081,0.2594,0.9915
ER,pitch,-4,all,0.4331,0.3543,0.6875,0.1675,0.4151,2.4084,0.1703,0.2762,0.2126,0.8840
ER,pitch,-4,CAM_FRONT,0.4798,0.4227,0.6144,0.1496,0.4044,2.3449,0.1472,0.3046,0.2536,0.9792
ER,pitch,-4,CAM_FRONT_RIGHT,0.4901,0.4377,0.5932,0.1457,0.4000,2.4379,0.1490,0.3108,0.2626,1.0002
ER,pitch,-4,CAM_FRONT_LEFT,0.4796,0.4207,0.6157,0.1465,0.3988,2.4749,0.1466,0.3046,0.2524,0.9788
ER,pitch,-4,CAM_BACK,0.4766,0.4129,0.6096,0.1532,0.3797,2.3504,0.1561,0.3027,0.2477,0.9727
ER,pitch,-4,CAM_BACK_LEFT,0.4803,0.4265,0.6240,0.1454,0.4116,2.5411,0.1481,0.3049,0.2559,0.9803
ER,pitch,-4,CAM_BACK_RIGHT,0.4870,0.4330,0.6027,0.1440,0.4075,2.3851,0.1407,0.3090,0.2598,0.9939
ER,pitch,4,all,0.4216,0.3501,0.7747,0.1811,0.4004,2.5464,0.1783,0.2693,0.2101,0.8605
ER,pitch,4,CAM_FRONT,0.4744,0.4164,0.6272,0.1550,0.4082,2.3585,0.1477,0.3013,0.2498,0.9681
ER,pitch,4,CAM_FRONT_RIGHT,0.4869,0.4308,0.5992,0.1450,0.3961,2.4324,0.1448,0.3090,0.2585,0.9937
ER,pitch,4,CAM_FRONT_LEFT,0.4876,0.4366,0.6116,0.1460,0.3967,2.4740,0.1528,0.3093,0.2620,0.9951
ER,pitch,4,CAM_BACK,0.4664,0.4011,0.6431,0.1550,0.3836,2.3199,0.1603,0.2965,0.2407,0.9518
ER,pitch,4,CAM_BACK_LEFT,0.4792,0.4260,0.6203,0.1483,0.3963,2.4933,0.1727,0.3040,0.2556,0.9781
ER,pitch,4,CAM_BACK_RIGHT,0.4855,0.4283,0.6048,0.1447,0.3985,2.5374,0.1381,0.3083,0.2570,0.9909
ER,pitch,8,all,0.2931,0.1506,0.8885,0.2416,0.4694,2.6237,0.2219,0.1911,0.0903,0.5983
ER,pitch,8,CAM_FRONT,0.4513,0.3727,0.6179,0.1558,0.4231,2.3752,0.1542,0.2873,0.2236,0.9210
ER,pitch,8,CAM_FRONT_RIGHT,0.4843,0.4284,0.5921,0.1456,0.3994,2.5418,0.1616,0.3072,0.2570,0.9885
ER,pitch,8,CAM_FRONT_LEFT,0.4782,0.4168,0.6110,0.1463,0.3894,2.4837,0.1550,0.3037,0.2501,0.9760
ER,pitch,8,CAM_BACK,0.4264,0.3318,0.6491,0.1580,0.4046,2.3174,0.1830,0.2721,0.1991,0.8703
ER,pitch,8,CAM_BACK_LEFT,0.4706,0.4095,0.6137,0.1484,0.3929,2.4855,0.1869,0.2986,0.2457,0.9604
ER,pitch,8,CAM_BACK_RIGHT,0.4784,0.4166,0.6189,0.1444,0.4094,2.4000,0.1268,0.3041,0.2500,0.9763
ER,pitch,12,all,0.2322,0.0715,0.9867,0.3031,0.4899,2.5983,0.2559,0.1539,0.0429,0.4739
ER,pitch,12,CAM_FRONT,0.4481,0.3653,0.6135,0.1522,0.4230,2.3158,0.1568,0.2854,0.2192,0.9145
ER,pitch,12,CAM_FRONT_RIGHT,0.4834,0.4278,0.5975,0.1455,0.3980,2.5799,0.1638,0.3066,0.2567,0.9866
ER,pitch,12,CAM_FRONT_LEFT,0.4716,0.4086,0.6197,0.1475,0.4067,2.5266,0.1532,0.2996,0.2452,0.9625
ER,pitch,12,CAM_BACK,0.4178,0.3105,0.6562,0.1577,0.3891,2.2304,0.1715,0.2672,0.1863,0.8527
ER,pitch,12,CAM_BACK_LEFT,0.4636,0.3993,0.6256,0.1489,0.3935,2.4991,0.1917,0.2944,0.2396,0.9463
ER,pitch,12,CAM_BACK_RIGHT,0.4677,0.4022,0.6506,0.1466,0.4111,2.3900,0.1262,0.2976,0.2413,0.9545
ER,pitch,16,all,0.1969,0.0419,1.0347,0.3333,0.6096,2.6826,0.2976,0.1313,0.0252,0.4019
ER,pitch,16,CAM_FRONT,0.4446,0.3570,0.6091,0.1525,0.4270,2.3122,0.1501,0.2833,0.2142,0.9074
ER,pitch,16,CAM_FRONT_RIGHT,0.4792,0.4218,0.6100,0.1459,0.3988,2.5556,0.1628,0.3041,0.2531,0.9779
ER,pitch,16,CAM_FRONT_LEFT,0.4715,0.4064,0.6154,0.1477,0.3995,2.5244,0.1542,0.2996,0.2438,0.9623
ER,pitch,16,CAM_BACK,0.4160,0.3073,0.6344,0.1570,0.4064,2.2450,0.1790,0.2659,0.1844,0.8490
ER,pitch,16,CAM_BACK_LEFT,0.4535,0.3824,0.6444,0.1476,0.4072,2.5394,0.1778,0.2884,0.2294,0.9255
ER,pitch,16,CAM_BACK_RIGHT,0.4591,0.3969,0.6853,0.1466,0.4110,2.4471,0.1501,0.2922,0.2381,0.9370
ER,pitch,20,all,0.1754,0.0222,1.1276,0.3662,0.6830,3.0075,0.3075,0.1178,0.0133,0.3580
ER,pitch,20,CAM_FRONT,0.4439,0.3578,0.6040,0.1512,0.4239,2.3360,0.1704,0.2827,0.2147,0.9061
ER,pitch,20,CAM_FRONT_RIGHT,0.4753,0.4162,0.6207,0.1462,0.4002,2.5376,0.1612,0.3017,0.2497,0.9700
ER,pitch,20,CAM_FRONT_LEFT,0.4684,0.4030,0.6158,0.1473,0.4133,2.5156,0.1546,0.2976,0.2418,0.9560
ER,pitch,20,CAM_BACK,0.4156,0.3033,0.6298,0.1557,0.3928,2.2619,0.1821,0.2657,0.1820,0.8482
ER,pitch,20,CAM_BACK_LEFT,0.4520,0.3770,0.6452,0.1477,0.3961,2.5430,0.1763,0.2876,0.2262,0.9225
ER,pitch,20,CAM_BACK_RIGHT,0.4603,0.3955,0.6773,0.1466,0.4099,2.4226,0.1405,0.2930,0.2373,0.9395
ER,roll,-20,all,0.3654,0.2577,0.8768,0.1695,0.4335,2.4780,0.1550,0.2357,0.1546,0.7457
ER,roll,-20,CAM_FRONT,0.4655,0.4048,0.6586,0.1488,0.4086,2.4287,0.1533,0.2959,0.2429,0.9500
ER,roll,-20,CAM_FRONT_RIGHT,0.4886,0.4367,0.5960,0.1443,0.3989,2.4242,0.1589,0.3098,0.2620,0.9971
ER,roll,-20,CAM_FRONT_LEFT,0.4811,0.4256,0.6199,0.1460,0.4046,2.4759,0.1464,0.3054,0.2553,0.9819
ER,roll,-20,CAM_BACK,0.4504,0.3734,0.6466,0.1591,0.3889,2.3473,0.1686,0.2868,0.2240,0.9191
ER,roll,-20,CAM_BACK_LEFT,0.4773,0.4196,0.6229,0.1428,0.4073,2.5768,0.1521,0.3030,0.2518,0.9741
ER,roll,-20,CAM_BACK_RIGHT,0.4839,0.4280,0.6043,0.1439,0.4012,2.4291,0.1519,0.3070,0.2568,0.9875
ER,roll,-16,all,0.3990,0.2990,0.7881,0.1618,0.4020,2.4314,0.1529,0.2561,0.1794,0.8144
ER,roll,-16,CAM_FRONT,0.4691,0.4097,0.6502,0.1484,0.4112,2.4365,0.1484,0.2981,0.2458,0.9573
ER,roll,-16,CAM_FRONT_RIGHT,0.4901,0.4391,0.5946,0.1445,0.3983,2.4185,0.1571,0.3107,0.2635,1.0003
ER,roll,-16,CAM_FRONT_LEFT,0.4832,0.4277,0.6187,0.1458,0.3957,2.4385,0.1460,0.3068,0.2566,0.9863
ER,roll,-16,CAM_BACK,0.4607,0.3900,0.6438,0.1557,0.3836,2.3145,0.1595,0.2931,0.2340,0.9403
ER,roll,-16,CAM_BACK_LEFT,0.4806,0.4238,0.6137,0.1425,0.4051,2.5476,0.1522,0.3050,0.2543,0.9808
ER,roll,-16,CAM_BACK_RIGHT,0.4853,0.4305,0.6005,0.1437,0.4010,2.4874,0.1544,0.3078,0.2583,0.9904
ER,roll,-12,all,0.4263,0.3451,0.7293,0.1580,0.4139,2.5726,0.1612,0.2723,0.2071,0.8701
ER,roll,-12,CAM_FRONT,0.4731,0.4144,0.6393,0.1477,0.4102,2.4351,0.1441,0.3006,0.2487,0.9655
ER,roll,-12,CAM_FRONT_RIGHT,0.4885,0.4361,0.5973,0.1445,0.4018,2.4238,0.1514,0.3098,0.2616,0.9970
ER,roll,-12,CAM_FRONT_LEFT,0.4856,0.4315,0.6160,0.1461,0.3956,2.4175,0.1436,0.3082,0.2589,0.9911
ER,roll,-12,CAM_BACK,0.4714,0.4079,0.6288,0.1544,0.3857,2.3655,0.1563,0.2996,0.2447,0.9621
ER,roll,-12,CAM_BACK_LEFT,0.4808,0.4252,0.6167,0.1424,0.4090,2.5482,0.1505,0.3051,0.2551,0.9812
ER,roll,-12,CAM_BACK_RIGHT,0.4880,0.4332,0.5875,0.1442,0.4016,2.4989,0.1529,0.3095,0.2599,0.9959
ER,roll,-8,all,0.4611,0.3956,0.6503,0.1508,0.4002,2.5231,0.1662,0.2931,0.2374,0.9410
ER,roll,-8,CAM_FRONT,0.4793,0.4215,0.6256,0.1469,0.3952,2.4279,0.1469,0.3044,0.2529,0.9782
ER,roll,-8,CAM_FRONT_RIGHT,0.4886,0.4352,0.5984,0.1449,0.3997,2.4145,0.1468,0.3100,0.2611,0.9972
ER,roll,-8,CAM_FRONT_LEFT,0.4893,0.4386,0.6084,0.1461,0.3983,2.4420,0.1466,0.3104,0.2631,0.9987
ER,roll,-8,CAM_BACK,0.4835,0.4245,0.6066,0.1500,0.3783,2.3921,0.1526,0.3070,0.2547,0.9868
ER,roll,-8,CAM_BACK_LEFT,0.4851,0.4307,0.6092,0.1426,0.3998,2.5018,0.1511,0.3078,0.2584,0.9901
ER,roll,-8,CAM_BACK_RIGHT,0.4894,0.4371,0.5903,0.1444,0.4014,2.5100,0.1549,0.3103,0.2622,0.9989
ER,roll,-4,all,0.4862,0.4302,0.6045,0.1467,0.3858,2.4062,0.1524,0.3085,0.2581,0.9922
ER,roll,-4,CAM_FRONT,0.4855,0.4298,0.6082,0.1451,0.3945,2.4227,0.1467,0.3081,0.2579,0.9908
ER,roll,-4,CAM_FRONT_RIGHT,0.4886,0.4353,0.6012,0.1448,0.3998,2.4077,0.1451,0.3100,0.2612,0.9971
ER,roll,-4,CAM_FRONT_LEFT,0.4900,0.4389,0.6031,0.1447,0.4016,2.4412,0.1450,0.3108,0.2634,1.0001
ER,roll,-4,CAM_BACK,0.4900,0.4354,0.6004,0.1461,0.3846,2.3791,0.1462,0.3109,0.2612,1.0000
ER,roll,-4,CAM_BACK_LEFT,0.4887,0.4368,0.6057,0.1444,0.3990,2.4608,0.1478,0.3100,0.2621,0.9974
ER,roll,-4,CAM_BACK_RIGHT,0.4892,0.4354,0.5916,0.1444,0.4007,2.4604,0.1483,0.3103,0.2612,0.9984
ER,roll,4,all,0.4783,0.4277,0.6334,0.1495,0.4086,2.5490,0.1636,0.3035,0.2566,0.9763
ER,roll,4,CAM_FRONT,0.4913,0.4402,0.5942,0.1462,0.3974,2.4211,0.1499,0.3116,0.2641,1.0028
ER,roll,4,CAM_FRONT_RIGHT,0.4908,0.4381,0.5966,0.1443,0.3968,2.4494,0.1454,0.3113,0.2629,1.0016
ER,roll,4,CAM_FRONT_LEFT,0.4868,0.4324,0.6054,0.1450,0.3951,2.4508,0.1484,0.3089,0.2595,0.9936
ER,roll,4,CAM_BACK,0.4818,0.4298,0.6235,0.1462,0.4059,2.5050,0.1556,0.3057,0.2579,0.9832
ER,roll,4,CAM_BACK_LEFT,0.4890,0.4381,0.6033,0.1450,0.4037,2.4568,0.1480,0.3102,0.2628,0.9980
ER,roll,4,CAM_BACK_RIGHT,0.4871,0.4333,0.6079,0.1440,0.4002,2.4410,0.1439,0.3091,0.2600,0.9940
ER,roll,8,all,0.4614,0.4026,0.6695,0.1524,0.4131,2.5188,0.1646,0.2933,0.2416,0.9416
ER,roll,8,CAM_FRONT,0.4881,0.4380,0.6055,0.1477,0.4044,2.4156,0.1516,0.3095,0.2628,0.9961
ER,roll,8,CAM_FRONT_RIGHT,0.4889,0.4357,0.5985,0.1454,0.4013,2.4293,0.1443,0.3102,0.2614,0.9978
ER,roll,8,CAM_FRONT_LEFT,0.4847,0.4303,0.6097,0.1458,0.3964,2.4698,0.1523,0.3076,0.2582,0.9893
ER,roll,8,CAM_BACK,0.4703,0.4133,0.6589,0.1483,0.3981,2.4763,0.1588,0.2988,0.2480,0.9598
ER,roll,8,CAM_BACK_LEFT,0.4881,0.4371,0.6078,0.1458,0.4022,2.4834,0.1482,0.3096,0.2623,0.9962
ER,roll,8,CAM_BACK_RIGHT,0.4885,0.4356,0.6032,0.1440,0.3982,2.4589,0.1472,0.3099,0.2613,0.9970
ER,roll,12,all,0.4282,0.3479,0.7444,0.1607,0.3841,2.3543,0.1684,0.2735,0.2087,0.8739
ER,roll,12,CAM_FRONT,0.4815,0.4264,0.6180,0.1482,0.4030,2.3935,0.1478,0.3057,0.2558,0.9827
ER,roll,12,CAM_FRONT_RIGHT,0.4883,0.4347,0.5959,0.1457,0.4031,2.4000,0.1458,0.3098,0.2608,0.9966
ER,roll,12,CAM_FRONT_LEFT,0.4852,0.4315,0.6094,0.1462,0.3957,2.4655,0.1541,0.3078,0.2589,0.9902
ER,roll,12,CAM_BACK,0.4605,0.3961,0.6851,0.1515,0.3742,2.3650,0.1646,0.2930,0.2376,0.9398
ER,roll,12,CAM_BACK_LEFT,0.4850,0.4354,0.6115,0.1468,0.4044,2.4994,0.1649,0.3075,0.2613,0.9898
ER,roll,12,CAM_BACK_RIGHT,0.4867,0.4339,0.6055,0.1441,0.3988,2.4776,0.1537,0.3087,0.2603,0.9934
ER,roll,16,all,0.3958,0.2975,0.8009,0.1671,0.3913,2.3092,0.1704,0.2540,0.1785,0.8077
ER,roll,16,CAM_FRONT,0.4780,0.4193,0.6182,0.1484,0.4036,2.3661,0.1461,0.3036,0.2516,0.9756
ER,roll,16,CAM_FRONT_RIGHT,0.4878,0.4350,0.5986,0.1450,0.4018,2.3990,0.1514,0.3094,0.2610,0.9956
ER,roll,16,CAM_FRONT_LEFT,0.4852,0.4303,0.6105,0.1459,0.3915,2.4729,0.1512,0.3079,0.2582,0.9903
ER,roll,16,CAM_BACK,0.4487,0.3779,0.7032,0.1529,0.3742,2.3279,0.1725,0.2858,0.2268,0.9157
ER,roll,16,CAM_BACK_LEFT,0.4790,0.4256,0.6130,0.1475,0.4039,2.5121,0.1740,0.3037,0.2554,0.9776
ER,roll,16,CAM_BACK_RIGHT,0.4826,0.4287,0.6131,0.1442,0.4007,2.5024,0.1600,0.3061,0.2572,0.9849
ER,roll,20,all,0.3683,0.2578,0.8686,0.1731,0.3855,2.2893,0.1793,0.2374,0.1547,0.7516
ER,roll,20,CAM_FRONT,0.4721,0.4099,0.6330,0.1488,0.4016,2.3280,0.1452,0.3001,0.2459,0.9635
ER,roll,20,CAM_FRONT_RIGHT,0.4862,0.4332,0.6038,0.1445,0.4005,2.3966,0.1555,0.3084,0.2599,0.9922
ER,roll,20,CAM_FRONT_LEFT,0.4823,0.4273,0.6169,0.1459,0.4003,2.4936,0.1501,0.3061,0.2564,0.9844
ER,roll,20,CAM_BACK,0.4389,0.3621,0.7092,0.1551,0.3758,2.3217,0.1813,0.2798,0.2173,0.8958
ER,roll,20,CAM_BACK_LEFT,0.4765,0.4212,0.6193,0.1483,0.3992,2.4851,0.1747,0.3023,0.2527,0.9724
ER,roll,20,CAM_BACK_RIGHT,0.4771,0.4197,0.6369,0.1446,0.4023,2.4699,0.1438,0.3031,0.2518,0.9737
VR,yaw,-20,all,0.2042,0.0229,1.4292,0.2183,0.6548,2.0337,0.1993,0.1368,0.0137,0.4168
VR,yaw,-20,CAM_FRONT,0.3970,0.2684,0.6402,0.1502,0.4300,2.3929,0.1518,0.2547,0.1610,0.8102
VR,yaw,-20,CAM_FRONT_RIGHT,0.4546,0.3865,0.6679,0.1465,0.4043,2.5335,0.1673,0.2892,0.2319,0.9279
VR,yaw,-20,CAM_FRONT_LEFT,0.4558,0.3794,0.6148,0.1460,0.4282,2.5448,0.1502,0.2900,0.2276,0.9302
VR,yaw,-20,CAM_BACK,0.3851,0.2383,0.6555,0.1478,0.3940,2.2381,0.1433,0.2479,0.1430,0.7859
VR,yaw,-20,CAM_BACK_LEFT,0.4412,0.3498,0.6626,0.1416,0.3804,2.4168,0.1522,0.2816,0.2099,0.9005
VR,yaw,-20,CAM_BACK_RIGHT,0.4689,0.4030,0.6350,0.1464,0.4057,2.3468,0.1389,0.2982,0.2418,0.9570
VR,yaw,-16,all,0.2295,0.0373,1.3717,0.1706,0.5187,2.0224,0.2022,0.1529,0.0224,0.4684
VR,yaw,-16,CAM_FRONT,0.4020,0.2788,0.6450,0.1500,0.4211,2.3716,0.1581,0.2577,0.1673,0.8204
VR,yaw,-16,CAM_FRONT_RIGHT,0.4578,0.3925,0.6656,0.1466,0.4050,2.4981,0.1673,0.2911,0.2355,0.9343
VR,yaw,-16,CAM_FRONT_LEFT,0.4573,0.3804,0.6197,0.1472,0.4135,2.5288,0.1486,0.2911,0.2282,0.9333
VR,yaw,-16,CAM_BACK,0.3907,0.2482,0.6425,0.1476,0.3834,2.2356,0.1607,0.2511,0.1489,0.7973
VR,yaw,-16,CAM_BACK_LEFT,0.4467,0.3625,0.6709,0.1434,0.3808,2.4221,0.1504,0.2849,0.2175,0.9117
VR,yaw,-16,CAM_BACK_RIGHT,0.4713,0.4072,0.6368,0.1453,0.4004,2.3581,0.1401,0.2997,0.2443,0.9620
VR,yaw,-12,all,0.2562,0.0731,1.2638,0.1655,0.4457,2.1437,0.1923,0.1695,0.0439,0.5229
VR,yaw,-12,CAM_FRONT,0.4105,0.2994,0.6614,0.1488,0.4238,2.4097,0.1577,0.2628,0.1796,0.8378
VR,yaw,-12,CAM_FRONT_RIGHT,0.4671,0.4056,0.6448,0.1462,0.4042,2.4592,0.1620,0.2968,0.2434,0.9533
VR,yaw,-12,CAM_FRONT_LEFT,0.4603,0.3875,0.6251,0.1473,0.4157,2.5017,0.1464,0.2929,0.2325,0.9394
VR,yaw,-12,CAM_BACK,0.4020,0.2697,0.6409,0.1481,0.3756,2.2346,0.1642,0.2579,0.1618,0.8204
VR,yaw,-12,CAM_BACK_LEFT,0.4526,0.3747,0.6621,0.1430,0.3953,2.4611,0.1474,0.2884,0.2248,0.9237
VR,yaw,-12,CAM_BACK_RIGHT,0.4709,0.4076,0.6465,0.1444,0.3983,2.3655,0.1395,0.2995,0.2445,0.9611
VR,yaw,-8,all,0.3014,0.1400,1.1076,0.1488,0.3621,1.9838,0.1756,0.1974,0.0840,0.6151
VR,yaw,-8,CAM_FRONT,0.4233,0.3246,0.6670,0.1477,0.4235,2.3860,0.1520,0.2705,0.1947,0.8639
VR,yaw,-8,CAM_FRONT_RIGHT,0.4794,0.4227,0.6164,0.1455,0.4037,2.4299,0.1537,0.3043,0.2536,0.9784
VR,yaw,-8,CAM_FRONT_LEFT,0.4682,0.3993,0.6301,0.1452,0.3912,2.4650,0.1478,0.2978,0.2396,0.9556
VR,yaw,-8,CAM_BACK,0.4188,0.3043,0.6529,0.1468,0.3675,2.2217,0.1658,0.2680,0.1826,0.8548
VR,yaw,-8,CAM_BACK_LEFT,0.4646,0.3975,0.6667,0.1421,0.3876,2.4454,0.1452,0.2956,0.2385,0.9482
VR,yaw,-8,CAM_BACK_RIGHT,0.4746,0.4140,0.6390,0.1443,0.3994,2.4075,0.1411,0.3017,0.2484,0.9687
VR,yaw,-4,all,0.3792,0.2743,0.9218,0.1444,0.3598,2.1385,0.1536,0.2445,0.1646,0.7739
VR,yaw,-4,CAM_FRONT,0.4521,0.3823,0.6813,0.1448,0.4146,2.4078,0.1497,0.2879,0.2294,0.9228
VR,yaw,-4,CAM_FRONT_RIGHT,0.4834,0.4283,0.6149,0.1452,0.3995,2.4166,0.1486,0.3068,0.2570,0.9865
VR,yaw,-4,CAM_FRONT_LEFT,0.4761,0.4135,0.6278,0.1447,0.3875,2.4545,0.1470,0.3025,0.2481,0.9716
VR,yaw,-4,CAM_BACK,0.4523,0.3729,0.6760,0.1448,0.3652,2.2307,0.1560,0.2882,0.2238,0.9230
VR,yaw,-4,CAM_BACK_LEFT,0.4799,0.4222,0.6310,0.1414,0.3929,2.4834,0.1462,0.3048,0.2533,0.9795
VR,yaw,-4,CAM_BACK_RIGHT,0.4809,0.4236,0.6280,0.1443,0.3986,2.3935,0.1379,0.3055,0.2542,0.9816
VR,yaw,4,all,0.3638,0.2627,1.0017,0.1497,0.3631,2.3253,0.1626,0.2351,0.1576,0.7425
VR,yaw,4,CAM_FRONT,0.4553,0.3857,0.6619,0.1460,0.4144,2.4878,0.1531,0.2898,0.2314,0.9292
VR,yaw,4,CAM_FRONT_RIGHT,0.4787,0.4211,0.6309,0.1451,0.4004,2.3624,0.1421,0.3041,0.2527,0.9770
VR,yaw,4,CAM_FRONT_LEFT,0.4742,0.4124,0.6478,0.1467,0.3819,2.4130,0.1435,0.3015,0.2474,0.9678
VR,yaw,4,CAM_BACK,0.4441,0.3626,0.7086,0.1477,0.3645,2.2680,0.1515,0.2834,0.2176,0.9063
VR,yaw,4,CAM_BACK_LEFT,0.4727,0.4144,0.6548,0.1441,0.3997,2.4442,0.1471,0.3004,0.2487,0.9647
VR,yaw,4,CAM_BACK_RIGHT,0.4854,0.4304,0.6067,0.1436,0.3984,2.5078,0.1491,0.3080,0.2582,0.9907
VR,yaw,8,all,0.2880,0.1266,1.1068,0.1533,0.3930,2.3798,0.2069,0.1887,0.0759,0.5877
VR,yaw,8,CAM_FRONT,0.4303,0.3349,0.6421,0.1477,0.4224,2.4255,0.1585,0.2747,0.2009,0.8783
VR,yaw,8,CAM_FRONT_RIGHT,0.4768,0.4179,0.6342,0.1444,0.3991,2.3597,0.1441,0.3029,0.2508,0.9731
VR,yaw,8,CAM_FRONT_LEFT,0.4582,0.3782,0.6392,0.1449,0.3787,2.4137,0.1468,0.2918,0.2269,0.9351
VR,yaw,8,CAM_BACK,0.4092,0.2951,0.6718,0.1514,0.3842,2.3804,0.1762,0.2620,0.1771,0.8352
VR,yaw,8,CAM_BACK_LEFT,0.4553,0.3864,0.6749,0.1446,0.4077,2.4947,0.1516,0.2899,0.2318,0.9293
VR,yaw,8,CAM_BACK_RIGHT,0.4814,0.4212,0.6146,0.1439,0.3975,2.4623,0.1365,0.3058,0.2527,0.9825
VR,yaw,12,all,0.2510,0.0679,1.2415,0.1692,0.4374,2.1665,0.2231,0.1660,0.0407,0.5122
VR,yaw,12,CAM_FRONT,0.4242,0.3183,0.6300,0.1487,0.4187,2.3695,0.1520,0.2711,0.1910,0.8658
VR,yaw,12,CAM_FRONT_RIGHT,0.4716,0.4091,0.6401,0.1448,0.4000,2.3546,0.1443,0.2998,0.2454,0.9625
VR,yaw,12,CAM_FRONT_LEFT,0.4499,0.3609,0.6323,0.1453,0.3788,2.4282,0.1492,0.2868,0.2165,0.9182
VR,yaw,12,CAM_BACK,0.3813,0.2452,0.6813,0.1543,0.4026,2.3796,0.1745,0.2452,0.1471,0.7782
VR,yaw,12,CAM_BACK_LEFT,0.4451,0.3708,0.6878,0.1459,0.4041,2.5035,0.1647,0.2836,0.2225,0.9085
VR,yaw,12,CAM_BACK_RIGHT,0.4759,0.4115,0.6143,0.1444,0.3982,2.4998,0.1416,0.3024,0.2469,0.9713
VR,yaw,16,all,0.2269,0.0350,1.3690,0.1793,0.5098,2.1684,0.2163,0.1512,0.0210,0.4632
VR,yaw,16,CAM_FRONT,0.4158,0.3036,0.6320,0.1491,0.4320,2.4308,0.1465,0.2661,0.1822,0.8487
VR,yaw,16,CAM_FRONT_RIGHT,0.4660,0.4015,0.6639,0.1456,0.4012,2.3386,0.1365,0.2965,0.2409,0.9511
VR,yaw,16,CAM_FRONT_LEFT,0.4436,0.3490,0.6309,0.1465,0.3819,2.4368,0.1497,0.2830,0.2094,0.9053
VR,yaw,16,CAM_BACK,0.3729,0.2324,0.6868,0.1517,0.4174,2.4693,0.1770,0.2400,0.1394,0.7611
VR,yaw,16,CAM_BACK_LEFT,0.4432,0.3640,0.6758,0.1432,0.4114,2.5488,0.1575,0.2825,0.2184,0.9046
VR,yaw,16,CAM_BACK_RIGHT,0.4749,0.4090,0.6100,0.1434,0.4008,2.5727,0.1422,0.3018,0.2454,0.9692
VR,yaw,20,all,0.2162,0.0171,1.4577,0.2410,0.5453,2.1494,0.1373,0.1457,0.0102,0.4412
VR,yaw,20,CAM_FRONT,0.4135,0.3027,0.6281,0.1504,0.4483,2.5013,0.1516,0.2645,0.1816,0.8439
VR,yaw,20,CAM_FRONT_RIGHT,0.4565,0.3851,0.6845,0.1472,0.4072,2.3690,0.1219,0.2910,0.2310,0.9316
VR,yaw,20,CAM_FRONT_LEFT,0.4379,0.3374,0.6263,0.1461,0.3824,2.4369,0.1530,0.2796,0.2024,0.8937
VR,yaw,20,CAM_BACK,0.3696,0.2276,0.6826,0.1529,0.4238,2.4846,0.1824,0.2379,0.1366,0.7544
VR,yaw,20,CAM_BACK_LEFT,0.4394,0.3578,0.6718,0.1435,0.4150,2.5724,0.1648,0.2801,0.2147,0.8968
VR,yaw,20,CAM_BACK_RIGHT,0.4685,0.4013,0.6212,0.1446,0.4063,2.5731,0.1490,0.2978,0.2408,0.9562
VR,pitch,-20,all,0.0804,0.0005,1.2365,0.6395,1.0140,2.6597,0.5596,0.0548,0.0003,0.1640
VR,pitch,-20,CAM_FRONT,0.4290,0.3331,0.6270,0.1505,0.4254,2.3089,0.1724,0.2737,0.1998,0.8756
VR,pitch,-20,CAM_FRONT_RIGHT,0.4692,0.4048,0.6204,0.1456,0.4029,2.5436,0.1636,0.2980,0.2429,0.9575
VR,pitch,-20,CAM_FRONT_LEFT,0.4641,0.3958,0.6137,0.1472,0.4174,2.5833,0.1604,0.2949,0.2375,0.9471
VR,pitch,-20,CAM_BACK,0.4111,0.2926,0.6398,0.1520,0.4083,2.2641,0.1523,0.2633,0.1756,0.8390
VR,pitch,-20,CAM_BACK_LEFT,0.4434,0.3595,0.6402,0.1436,0.4110,2.5738,0.1686,0.2824,0.2157,0.9049
VR,pitch,-20,CAM_BACK_RIGHT,0.4593,0.3817,0.6460,0.1494,0.4182,2.3414,0.1016,0.2930,0.2290,0.9375
VR,pitch,-16,all,0.1290,0.0058,1.2363,0.4843,0.8373,2.9377,0.4174,0.0872,0.0035,0.2633
VR,pitch,-16,CAM_FRONT,0.4337,0.3443,0.6285,0.1526,0.4292,2.3155,0.1744,0.2764,0.2066,0.8851
VR,pitch,-16,CAM_FRONT_RIGHT,0.4713,0.4079,0.6219,0.1455,0.3961,2.4749,0.1631,0.2994,0.2447,0.9619
VR,pitch,-16,CAM_FRONT_LEFT,0.4648,0.3952,0.6177,0.1476,0.4131,2.5605,0.1495,0.2956,0.2371,0.9487
VR,pitch,-16,CAM_BACK,0.4073,0.2900,0.6541,0.1508,0.4014,2.2444,0.1708,0.2608,0.1740,0.8313
VR,pitch,-16,CAM_BACK_LEFT,0.4413,0.3591,0.6436,0.1447,0.4223,2.6172,0.1718,0.2811,0.2154,0.9006
VR,pitch,-16,CAM_BACK_RIGHT,0.4590,0.3861,0.6612,0.1476,0.4166,2.3575,0.1149,0.2926,0.2317,0.9368
VR,pitch,-12,all,0.1837,0.0142,1.2253,0.3730,0.5813,3.1429,0.2802,0.1238,0.0085,0.3748
VR,pitch,-12,CAM_FRONT,0.4318,0.3361,0.6184,0.1535,0.4276,2.3703,0.1636,0.2754,0.2017,0.8812
VR,pitch,-12,CAM_FRONT_RIGHT,0.4743,0.4119,0.6154,0.1450,0.3944,2.4470,0.1613,0.3012,0.2471,0.9680
VR,pitch,-12,CAM_FRONT_LEFT,0.4655,0.3950,0.6254,0.1501,0.3841,2.5201,0.1610,0.2960,0.2370,0.9499
VR,pitch,-12,CAM_BACK,0.4107,0.2967,0.6570,0.1541,0.3928,2.2285,0.1726,0.2629,0.1780,0.8382
VR,pitch,-12,CAM_BACK_LEFT,0.4418,0.3578,0.6423,0.1459,0.4198,2.6088,0.1628,0.2815,0.2147,0.9017
VR,pitch,-12,CAM_BACK_RIGHT,0.4644,0.3942,0.6510,0.1468,0.4151,2.3423,0.1139,0.2958,0.2365,0.9478
VR,pitch,-8,all,0.2129,0.0515,1.2526,0.3166,0.5682,2.9103,0.2440,0.1419,0.0309,0.4344
VR,pitch,-8,CAM_FRONT,0.4415,0.3536,0.6200,0.1540,0.4282,2.3773,0.1512,0.2814,0.2122,0.9010
VR,pitch,-8,CAM_FRONT_RIGHT,0.4746,0.4139,0.6147,0.1464,0.4058,2.4798,0.1565,0.3014,0.2484,0.9687
VR,pitch,-8,CAM_FRONT_LEFT,0.4676,0.3972,0.6264,0.1481,0.3823,2.4789,0.1535,0.2974,0.2383,0.9543
VR,pitch,-8,CAM_BACK,0.4077,0.2919,0.6584,0.1589,0.3950,2.2828,0.1706,0.2611,0.1751,0.8320
VR,pitch,-8,CAM_BACK_LEFT,0.4473,0.3670,0.6563,0.1482,0.3848,2.5269,0.1732,0.2849,0.2202,0.9128
VR,pitch,-8,CAM_BACK_RIGHT,0.4662,0.3956,0.6418,0.1463,0.4135,2.3879,0.1143,0.2969,0.2374,0.9515
VR,pitch,-4,all,0.2845,0.1295,1.1614,0.1995,0.4279,2.5216,0.1745,0.1869,0.0777,0.5807
VR,pitch,-4,CAM_FRONT,0.4380,0.3553,0.6563,0.1556,0.4331,2.4887,0.1512,0.2793,0.2132,0.8940
VR,pitch,-4,CAM_FRONT_RIGHT,0.4756,0.4149,0.6282,0.1450,0.3986,2.4338,0.1466,0.3022,0.2489,0.9707
VR,pitch,-4,CAM_FRONT_LEFT,0.4687,0.4033,0.6422,0.1465,0.3921,2.4710,0.1485,0.2980,0.2420,0.9566
VR,pitch,-4,CAM_BACK,0.4273,0.3286,0.6620,0.1570,0.3801,2.2797,0.1711,0.2729,0.1972,0.8720
VR,pitch,-4,CAM_BACK_LEFT,0.4562,0.3821,0.6642,0.1460,0.3782,2.4208,0.1599,0.2905,0.2293,0.9311
VR,pitch,-4,CAM_BACK_RIGHT,0.4759,0.4135,0.6138,0.1446,0.4031,2.5546,0.1466,0.3023,0.2481,0.9713
VR,pitch,4,all,0.2854,0.1624,1.0400,0.1871,0.5643,2.9063,0.2066,0.1860,0.0974,0.5825
VR,pitch,4,CAM_FRONT,0.4586,0.3891,0.6471,0.1505,0.4081,2.3954,0.1546,0.2918,0.2335,0.9359
VR,pitch,4,CAM_FRONT_RIGHT,0.4762,0.4184,0.6319,0.1470,0.4065,2.3985,0.1439,0.3025,0.2510,0.9720
VR,pitch,4,CAM_FRONT_LEFT,0.4570,0.3957,0.6377,0.1408,0.4822,2.7873,0.1480,0.2904,0.2374,0.9326
VR,pitch,4,CAM_BACK,0.4453,0.3590,0.6426,0.1532,0.3825,2.2901,0.1639,0.2838,0.2154,0.9088
VR,pitch,4,CAM_BACK_LEFT,0.4409,0.3803,0.6604,0.1361,0.5407,3.0687,0.1551,0.2803,0.2282,0.8999
VR,pitch,4,CAM_BACK_RIGHT,0.4764,0.4178,0.6369,0.1458,0.4070,2.3650,0.1357,0.3027,0.2507,0.9723
VR,pitch,8,all,0.2006,0.0708,1.0753,0.2890,0.7935,3.3768,0.2659,0.1327,0.0425,0.4093
VR,pitch,8,CAM_FRONT,0.4500,0.3721,0.6286,0.1511,0.4237,2.4153,0.1567,0.2865,0.2232,0.9185
VR,pitch,8,CAM_FRONT_RIGHT,0.4740,0.4130,0.6272,0.1471,0.4008,2.3440,0.1501,0.3011,0.2478,0.9674
VR,pitch,8,CAM_FRONT_LEFT,0.4479,0.3859,0.6497,0.1396,0.5064,2.8903,0.1550,0.2847,0.2315,0.9141
VR,pitch,8,CAM_BACK,0.4269,0.3223,0.6327,0.1555,0.3947,2.2246,0.1599,0.2728,0.1934,0.8712
VR,pitch,8,CAM_BACK_LEFT,0.4350,0.3707,0.6414,0.1422,0.5562,3.1432,0.1634,0.2765,0.2224,0.8879
VR,pitch,8,CAM_BACK_RIGHT,0.4718,0.4076,0.6232,0.1470,0.4141,2.3545,0.1356,0.3000,0.2446,0.9629
VR,pitch,12,all,0.1613,0.0233,1.1656,0.4233,0.8356,3.7057,0.2443,0.1092,0.0140,0.3293
VR,pitch,12,CAM_FRONT,0.4492,0.3700,0.6195,0.1520,0.4167,2.3751,0.1694,0.2859,0.2220,0.9168
VR,pitch,12,CAM_FRONT_RIGHT,0.4721,0.4097,0.6273,0.1473,0.4068,2.3666,0.1460,0.3000,0.2458,0.9635
VR,pitch,12,CAM_FRONT_LEFT,0.4421,0.3811,0.6469,0.1400,0.5351,3.0323,0.1627,0.2809,0.2287,0.9023
VR,pitch,12,CAM_BACK,0.4205,0.3095,0.6421,0.1514,0.3966,2.1926,0.1522,0.2690,0.1857,0.8582
VR,pitch,12,CAM_BACK_LEFT,0.4321,0.3641,0.6354,0.1486,0.5468,3.0438,0.1690,0.2747,0.2185,0.8819
VR,pitch,12,CAM_BACK_RIGHT,0.4690,0.4001,0.6319,0.1467,0.4147,2.4031,0.1169,0.2986,0.2401,0.9573
VR,pitch,16,all,0.1367,0.0109,1.2823,0.4856,0.9357,3.5457,0.2659,0.0935,0.0065,0.2790
VR,pitch,16,CAM_FRONT,0.4491,0.3660,0.6084,0.1512,0.4119,2.3374,0.1674,0.2859,0.2196,0.9166
VR,pitch,16,CAM_FRONT_RIGHT,0.4627,0.3969,0.6545,0.1450,0.4006,2.4854,0.1580,0.2942,0.2382,0.9442
VR,pitch,16,CAM_FRONT_LEFT,0.4495,0.3867,0.6351,0.1379,0.5042,2.8829,0.1615,0.2856,0.2320,0.9173
VR,pitch,16,CAM_BACK,0.4171,0.3034,0.6298,0.1494,0.3960,2.2506,0.1710,0.2667,0.1820,0.8512
VR,pitch,16,CAM_BACK_LEFT,0.4308,0.3597,0.6382,0.1460,0.5387,2.9781,0.1676,0.2740,0.2158,0.8792
VR,pitch,16,CAM_BACK_RIGHT,0.4693,0.3998,0.6253,0.1481,0.4159,2.4527,0.1165,0.2987,0.2399,0.9579
VR,pitch,20,all,0.0806,0.0003,1.1827,0.6736,1.0320,2.9620,0.5220,0.0555,0.0002,0.1645
VR,pitch,20,CAM_FRONT,0.4460,0.3599,0.5960,0.1502,0.4273,2.3559,0.1664,0.2839,0.2159,0.9102
VR,pitch,20,CAM_FRONT_RIGHT,0.4591,0.3919,0.6686,0.1449,0.4073,2.4779,0.1478,0.2922,0.2351,0.9370
VR,pitch,20,CAM_FRONT_LEFT,0.4587,0.3932,0.6205,0.1419,0.4599,2.6927,0.1565,0.2915,0.2359,0.9363
VR,pitch,20,CAM_BACK,0.4127,0.2956,0.6265,0.1500,0.4034,2.2539,0.1708,0.2641,0.1774,0.8424
VR,pitch,20,CAM_BACK_LEFT,0.4359,0.3608,0.6339,0.1439,0.5028,2.9052,0.1640,0.2774,0.2165,0.8897
VR,pitch,20,CAM_BACK_RIGHT,0.4685,0.3985,0.6282,0.1494,0.4159,2.4320,0.1138,0.2983,0.2391,0.9562
VR,roll,-20,all,0.2212,0.0476,1.1473,0.2263,0.5710,2.4062,0.2285,0.1472,0.0286,0.4515
VR,roll,-20,CAM_FRONT,0.4464,0.3653,0.6285,0.1511,0.4278,2.4450,0.1552,0.2843,0.2192,0.9110
VR,roll,-20,CAM_FRONT_RIGHT,0.4720,0.4137,0.6567,0.1465,0.4070,2.3479,0.1385,0.3001,0.2482,0.9633
VR,roll,-20,CAM_FRONT_LEFT,0.4606,0.3965,0.6227,0.1469,0.4594,2.6824,0.1478,0.2927,0.2379,0.9400
VR,roll,-20,CAM_BACK,0.4020,0.2897,0.6761,0.1524,0.4313,2.3903,0.1691,0.2574,0.1738,0.8204
VR,roll,-20,CAM_BACK_LEFT,0.4543,0.3827,0.6563,0.1440,0.4139,2.5564,0.1558,0.2892,0.2296,0.9273
VR,roll,-20,CAM_BACK_RIGHT,0.4699,0.4050,0.6435,0.1456,0.4107,2.4019,0.1260,0.2990,0.2430,0.9591
VR,roll,-16,all,0.2415,0.0665,1.0649,0.2065,0.5080,2.3676,0.2028,0.1601,0.0399,0.4929
VR,roll,-16,CAM_FRONT,0.4508,0.3702,0.6227,0.1496,0.4178,2.3631,0.1532,0.2870,0.2221,0.9199
VR,roll,-16,CAM_FRONT_RIGHT,0.4717,0.4133,0.6541,0.1467,0.4054,2.3730,0.1433,0.2999,0.2480,0.9628
VR,roll,-16,CAM_FRONT_LEFT,0.4622,0.4011,0.6219,0.1461,0.4693,2.6888,0.1463,0.2936,0.2406,0.9433
VR,roll,-16,CAM_BACK,0.4000,0.2865,0.6812,0.1531,0.4310,2.3680,0.1668,0.2563,0.1719,0.8164
VR,roll,-16,CAM_BACK_LEFT,0.4539,0.3834,0.6527,0.1446,0.4279,2.6079,0.1529,0.2889,0.2301,0.9264
VR,roll,-16,CAM_BACK_RIGHT,0.4717,0.4096,0.6395,0.1455,0.4033,2.4411,0.1423,0.2999,0.2457,0.9627
VR,roll,-12,all,0.2654,0.0994,1.0001,0.1967,0.4554,2.3409,0.1910,0.1750,0.0597,0.5417
VR,roll,-12,CAM_FRONT,0.4541,0.3761,0.6185,0.1489,0.4142,2.3752,0.1576,0.2890,0.2257,0.9268
VR,roll,-12,CAM_FRONT_RIGHT,0.4742,0.4152,0.6432,0.1467,0.4032,2.3642,0.1409,0.3014,0.2491,0.9678
VR,roll,-12,CAM_FRONT_LEFT,0.4661,0.4027,0.6251,0.1445,0.4354,2.6259,0.1474,0.2962,0.2416,0.9513
VR,roll,-12,CAM_BACK,0.4090,0.2985,0.6694,0.1529,0.4196,2.3459,0.1603,0.2619,0.1791,0.8348
VR,roll,-12,CAM_BACK_LEFT,0.4567,0.3927,0.6443,0.1469,0.4519,2.6604,0.1531,0.2904,0.2356,0.9322
VR,roll,-12,CAM_BACK_RIGHT,0.4725,0.4139,0.6421,0.1452,0.3985,2.5407,0.1583,0.3001,0.2483,0.9644
VR,roll,-8,all,0.3063,0.1500,0.8918,0.1753,0.4475,2.3763,0.1725,0.1999,0.0900,0.6251
VR,roll,-8,CAM_FRONT,0.4537,0.3821,0.6336,0.1479,0.4362,2.4697,0.1552,0.2887,0.2292,0.9261
VR,roll,-8,CAM_FRONT_RIGHT,0.4766,0.4181,0.6395,0.1464,0.3980,2.3849,0.1407,0.3029,0.2509,0.9727
VR,roll,-8,CAM_FRONT_LEFT,0.4684,0.4036,0.6348,0.1447,0.4090,2.5156,0.1459,0.2978,0.2422,0.9559
VR,roll,-8,CAM_BACK,0.4176,0.3154,0.6805,0.1519,0.4111,2.3215,0.1576,0.2671,0.1892,0.8522
VR,roll,-8,CAM_BACK_LEFT,0.4631,0.3986,0.6476,0.1483,0.4153,2.5683,0.1508,0.2945,0.2392,0.9452
VR,roll,-8,CAM_BACK_RIGHT,0.4782,0.4191,0.6209,0.1450,0.4009,2.4205,0.1462,0.3037,0.2514,0.9760
VR,roll,-4,all,0.3813,0.2676,0.7793,0.1572,0.4341,2.4729,0.1545,0.2452,0.1606,0.7782
VR,roll,-4,CAM_FRONT,0.4678,0.4076,0.6325,0.1470,0.4284,2.5123,0.1520,0.2972,0.2446,0.9548
VR,roll,-4,CAM_FRONT_RIGHT,0.4811,0.4252,0.6274,0.1456,0.3980,2.4300,0.1440,0.3055,0.2551,0.9819
VR,roll,-4,CAM_FRONT_LEFT,0.4773,0.4147,0.6201,0.1446,0.3876,2.4250,0.1481,0.3032,0.2488,0.9741
VR,roll,-4,CAM_BACK,0.4434,0.3602,0.6670,0.1503,0.3916,2.3047,0.1582,0.2827,0.2161,0.9050
VR,roll,-4,CAM_BACK_LEFT,0.4741,0.4168,0.6399,0.1450,0.4085,2.5257,0.1490,0.3012,0.2501,0.9677
VR,roll,-4,CAM_BACK_RIGHT,0.4853,0.4277,0.6016,0.1435,0.3989,2.3958,0.1419,0.3080,0.2566,0.9904
VR,roll,4,all,0.3879,0.2686,0.7713,0.1587,0.3713,2.4534,0.1630,0.2495,0.1612,0.7916
VR,roll,4,CAM_FRONT,0.4593,0.3922,0.6544,0.1467,0.4032,2.4848,0.1636,0.2921,0.2353,0.9374
VR,roll,4,CAM_FRONT_RIGHT,0.4829,0.4281,0.6176,0.1454,0.4021,2.3924,0.1462,0.3066,0.2569,0.9857
VR,roll,4,CAM_FRONT_LEFT,0.4729,0.4121,0.6330,0.1462,0.4096,2.4720,0.1428,0.3005,0.2473,0.9652
VR,roll,4,CAM_BACK,0.4514,0.3664,0.6619,0.1498,0.3543,2.2256,0.1517,0.2879,0.2198,0.9213
VR,roll,4,CAM_BACK_LEFT,0.4776,0.4180,0.6249,0.1444,0.3980,2.4913,0.1463,0.3034,0.2508,0.9748
VR,roll,4,CAM_BACK_RIGHT,0.4827,0.4277,0.6112,0.1436,0.4022,2.5162,0.1545,0.3063,0.2566,0.9851
VR,roll,8,all,0.3130,0.1580,0.8397,0.1687,0.4754,2.5219,0.1763,0.2037,0.0948,0.6388
VR,roll,8,CAM_FRONT,0.4426,0.3600,0.6490,0.1497,0.4172,2.4962,0.1577,0.2821,0.2160,0.9034
VR,roll,8,CAM_FRONT_RIGHT,0.4791,0.4220,0.6243,0.1462,0.4039,2.3830,0.1449,0.3042,0.2532,0.9777
VR,roll,8,CAM_FRONT_LEFT,0.4674,0.4087,0.6349,0.1458,0.4410,2.5556,0.1477,0.2969,0.2452,0.9539
VR,roll,8,CAM_BACK,0.4287,0.3235,0.6354,0.1546,0.3800,2.2036,0.1606,0.2739,0.1941,0.8749
VR,roll,8,CAM_BACK_LEFT,0.4685,0.4051,0.6253,0.1404,0.4225,2.5713,0.1523,0.2977,0.2431,0.9562
VR,roll,8,CAM_BACK_RIGHT,0.4784,0.4196,0.6153,0.1450,0.4034,2.5024,0.1501,0.3038,0.2517,0.9764
VR,roll,12,all,0.2616,0.0996,0.9237,0.1779,0.5778,2.6497,0.2023,0.1718,0.0598,0.5340
VR,roll,12,CAM_FRONT,0.4417,0.3561,0.6371,0.1494,0.4153,2.4700,0.1614,0.2815,0.2137,0.9016
VR,roll,12,CAM_FRONT_RIGHT,0.4816,0.4267,0.6153,0.1446,0.4032,2.4077,0.1550,0.3056,0.2560,0.9828
VR,roll,12,CAM_FRONT_LEFT,0.4581,0.3987,0.6419,0.1435,0.4730,2.7534,0.1536,0.2911,0.2392,0.9350
VR,roll,12,CAM_BACK,0.4156,0.2990,0.6360,0.1523,0.3880,2.1943,0.1630,0.2660,0.1794,0.8481
VR,roll,12,CAM_BACK_LEFT,0.4636,0.4030,0.6266,0.1413,0.4560,2.6684,0.1547,0.2945,0.2418,0.9463
VR,roll,12,CAM_BACK_RIGHT,0.4749,0.4144,0.6252,0.1453,0.4053,2.5227,0.1469,0.3017,0.2486,0.9693
VR,roll,16,all,0.2252,0.0587,1.0298,0.2154,0.5987,2.5514,0.2274,0.1494,0.0352,0.4596
VR,roll,16,CAM_FRONT,0.4439,0.3608,0.6364,0.1505,0.4184,2.4961,0.1597,0.2828,0.2165,0.9059
VR,roll,16,CAM_FRONT_RIGHT,0.4737,0.4145,0.6310,0.1460,0.4032,2.3470,0.1553,0.3009,0.2487,0.9667
VR,roll,16,CAM_FRONT_LEFT,0.4551,0.3947,0.6486,0.1454,0.4710,2.8002,0.1578,0.2892,0.2368,0.9287
VR,roll,16,CAM_BACK,0.4142,0.2992,0.6349,0.1513,0.3937,2.1456,0.1739,0.2650,0.1795,0.8454
VR,roll,16,CAM_BACK_LEFT,0.4619,0.3977,0.6263,0.1414,0.4449,2.6477,0.1567,0.2935,0.2386,0.9427
VR,roll,16,CAM_BACK_RIGHT,0.4702,0.4076,0.6378,0.1452,0.4086,2.4944,0.1443,0.2989,0.2445,0.9596
VR,roll,20,all,0.2143,0.0486,1.0871,0.2434,0.6404,2.5763,0.2165,0.1427,0.0292,0.4373
VR,roll,20,CAM_FRONT,0.4437,0.3608,0.6340,0.1506,0.4208,2.4592,0.1613,0.2827,0.2165,0.9056
VR,roll,20,CAM_FRONT_RIGHT,0.4748,0.4153,0.6223,0.1454,0.4041,2.3684,0.1564,0.3015,0.2492,0.9691
VR,roll,20,CAM_FRONT_LEFT,0.4522,0.3915,0.6478,0.1461,0.4800,2.7961,0.1619,0.2874,0.2349,0.9229
VR,roll,20,CAM_BACK,0.4175,0.3057,0.6271,0.1506,0.3962,2.1667,0.1799,0.2668,0.1834,0.8520
VR,roll,20,CAM_BACK_LEFT,0.4577,0.3920,0.6269,0.1413,0.4521,2.6853,0.1626,0.2908,0.2352,0.9341
VR,roll,20,CAM_BACK_RIGHT,0.4673,0.4026,0.6522,0.1461,0.4153,2.3931,0.1264,0.2974,0.2416,0.9538
CR,yaw,-20,all,0.4867,0.4346,0.6132,0.1438,0.3766,2.3184,0.1721,0.3086,0.2608,0.9934
CR,yaw,-20,CAM_FRONT,0.4890,0.4407,0.6117,0.1450,0.4044,2.4944,0.1527,0.3101,0.2644,0.9979
CR,yaw,-20,CAM_FRONT_RIGHT,0.4799,0.4306,0.6457,0.1443,0.4070,2.4821,0.1577,0.3045,0.2584,0.9793
CR,yaw,-20,CAM_FRONT_LEFT,0.4845,0.4292,0.6236,0.1432,0.3986,2.3872,0.1359,0.3077,0.2575,0.9888
CR,yaw,-20,CAM_BACK,0.4781,0.4161,0.5980,0.1477,0.3966,2.4453,0.1574,0.3035,0.2497,0.9757
CR,yaw,-20,CAM_BACK_LEFT,0.4947,0.4453,0.5959,0.1437,0.3876,2.4186,0.1520,0.3137,0.2672,1.0097
CR,yaw,-20,CAM_BACK_RIGHT,0.4639,0.4040,0.6920,0.1452,0.4061,2.3383,0.1380,0.2952,0.2424,0.9467
CR,yaw,-16,all,0.4740,0.4170,0.6403,0.1447,0.4194,2.4427,0.1400,0.3012,0.2502,0.9675
CR,yaw,-16,CAM_FRONT,0.4894,0.4398,0.6009,0.1440,0.4052,2.4770,0.1549,0.3103,0.2639,0.9988
CR,yaw,-16,CAM_FRONT_RIGHT,0.4909,0.4415,0.5996,0.1435,0.4052,2.4054,0.1500,0.3113,0.2649,1.0019
CR,yaw,-16,CAM_FRONT_LEFT,0.4874,0.4336,0.6119,0.1443,0.3968,2.4185,0.1406,0.3094,0.2601,0.9948
CR,yaw,-16,CAM_BACK,0.4797,0.4239,0.6043,0.1478,0.4204,2.4949,0.1500,0.3044,0.2543,0.9790
CR,yaw,-16,CAM_BACK_LEFT,0.4939,0.4454,0.6048,0.1443,0.3880,2.4124,0.1508,0.3132,0.2672,1.0080
CR,yaw,-16,CAM_BACK_RIGHT,0.4630,0.4050,0.6980,0.1440,0.4025,2.3678,0.1499,0.2946,0.2430,0.9450
CR,yaw,-12,all,0.4850,0.4300,0.6344,0.1482,0.3842,2.3527,0.1327,0.3081,0.2580,0.9899
CR,yaw,-12,CAM_FRONT,0.4947,0.4485,0.5937,0.1451,0.3991,2.4860,0.1574,0.3135,0.2691,1.0097
CR,yaw,-12,CAM_FRONT_RIGHT,0.4934,0.4452,0.6009,0.1442,0.4010,2.3895,0.1455,0.3129,0.2671,1.0071
CR,yaw,-12,CAM_FRONT_LEFT,0.4883,0.4308,0.6029,0.1448,0.3782,2.3791,0.1456,0.3099,0.2585,0.9965
CR,yaw,-12,CAM_BACK,0.4901,0.4359,0.5955,0.1477,0.3833,2.3914,0.1521,0.3109,0.2615,1.0002
CR,yaw,-12,CAM_BACK_LEFT,0.4925,0.4413,0.6084,0.1445,0.3832,2.4135,0.1454,0.3124,0.2648,1.0052
CR,yaw,-12,CAM_BACK_RIGHT,0.4697,0.4082,0.6680,0.1440,0.4055,2.3367,0.1270,0.2989,0.2449,0.9586
CR,yaw,-8,all,0.4952,0.4452,0.5828,0.1490,0.3769,2.3663,0.1658,0.3138,0.2671,1.0106
CR,yaw,-8,CAM_FRONT,0.4941,0.4469,0.5973,0.1446,0.3992,2.4607,0.1526,0.3132,0.2681,1.0083
CR,yaw,-8,CAM_FRONT_RIGHT,0.4909,0.4403,0.6053,0.1448,0.4030,2.3658,0.1392,0.3114,0.2642,1.0019
CR,yaw,-8,CAM_FRONT_LEFT,0.4880,0.4352,0.6120,0.1449,0.3971,2.3915,0.1423,0.3097,0.2611,0.9959
CR,yaw,-8,CAM_BACK,0.4930,0.4394,0.5890,0.1465,0.3743,2.3758,0.1572,0.3126,0.2636,1.0061
CR,yaw,-8,CAM_BACK_LEFT,0.4908,0.4401,0.6112,0.1444,0.3922,2.4305,0.1451,0.3113,0.2641,1.0016
CR,yaw,-8,CAM_BACK_RIGHT,0.4856,0.4303,0.6104,0.1446,0.4022,2.4002,0.1382,0.3083,0.2582,0.9911
CR,yaw,-4,all,0.4919,0.4408,0.6042,0.1468,0.3850,2.4138,0.1486,0.3120,0.2645,1.0040
CR,yaw,-4,CAM_FRONT,0.4898,0.4402,0.6022,0.1445,0.4038,2.4388,0.1523,0.3106,0.2641,0.9997
CR,yaw,-4,CAM_FRONT_RIGHT,0.4879,0.4355,0.6082,0.1448,0.4028,2.4121,0.1427,0.3096,0.2613,0.9958
CR,yaw,-4,CAM_FRONT_LEFT,0.4873,0.4342,0.6165,0.1450,0.3941,2.4227,0.1424,0.3093,0.2605,0.9945
CR,yaw,-4,CAM_BACK,0.4910,0.4350,0.5909,0.1468,0.3753,2.3264,0.1520,0.3115,0.2610,1.0021
CR,yaw,-4,CAM_BACK_LEFT,0.4908,0.4395,0.6001,0.1433,0.3973,2.4731,0.1488,0.3113,0.2637,1.0017
CR,yaw,-4,CAM_BACK_RIGHT,0.4900,0.4358,0.5946,0.1440,0.4009,2.4275,0.1397,0.3109,0.2615,1.0000
CR,yaw,4,all,0.4804,0.4168,0.6066,0.1511,0.3737,2.2689,0.1489,0.3052,0.2501,0.9804
CR,yaw,4,CAM_FRONT,0.4899,0.4409,0.5997,0.1448,0.4106,2.4880,0.1503,0.3106,0.2646,0.9999
CR,yaw,4,CAM_FRONT_RIGHT,0.4879,0.4344,0.6027,0.1445,0.4025,2.4195,0.1435,0.3096,0.2607,0.9958
CR,yaw,4,CAM_FRONT_LEFT,0.4906,0.4365,0.5991,0.1455,0.3834,2.4218,0.1488,0.3112,0.2619,1.0012
CR,yaw,4,CAM_BACK,0.4751,0.4116,0.6561,0.1468,0.3564,2.1866,0.1476,0.3021,0.2470,0.9697
CR,yaw,4,CAM_BACK_LEFT,0.4894,0.4351,0.5973,0.1457,0.3956,2.4216,0.1430,0.3105,0.2611,0.9988
CR,yaw,4,CAM_BACK_RIGHT,0.4885,0.4340,0.6089,0.1446,0.4005,2.3514,0.1310,0.3101,0.2604,0.9970
CR,yaw,8,all,0.4804,0.4129,0.6057,0.1457,0.3764,2.2884,0.1326,0.3054,0.2477,0.9805
CR,yaw,8,CAM_FRONT,0.4872,0.4340,0.5997,0.1452,0.4022,2.4297,0.1505,0.3091,0.2604,0.9944
CR,yaw,8,CAM_FRONT_RIGHT,0.4869,0.4330,0.6056,0.1448,0.4018,2.4189,0.1440,0.3090,0.2598,0.9937
CR,yaw,8,CAM_FRONT_LEFT,0.4904,0.4369,0.5986,0.1440,0.3866,2.4345,0.1508,0.3111,0.2621,1.0010
CR,yaw,8,CAM_BACK,0.4772,0.4156,0.6480,0.1452,0.3679,2.2191,0.1447,0.3034,0.2494,0.9740
CR,yaw,8,CAM_BACK_LEFT,0.4864,0.4304,0.6102,0.1440,0.3935,2.4396,0.1404,0.3088,0.2582,0.9926
CR,yaw,8,CAM_BACK_RIGHT,0.4868,0.4313,0.6081,0.1448,0.3988,2.3990,0.1364,0.3091,0.2588,0.9936
CR,yaw,12,all,0.4704,0.4004,0.6381,0.1464,0.3880,2.4477,0.1257,0.2994,0.2403,0.9601
CR,yaw,12,CAM_FRONT,0.4870,0.4357,0.6061,0.1446,0.4044,2.4520,0.1528,0.3089,0.2614,0.9940
CR,yaw,12,CAM_FRONT_RIGHT,0.4867,0.4330,0.6065,0.1452,0.4027,2.4195,0.1439,0.3088,0.2598,0.9933
CR,yaw,12,CAM_FRONT_LEFT,0.4933,0.4426,0.6064,0.1436,0.3824,2.4029,0.1474,0.3129,0.2656,1.0068
CR,yaw,12,CAM_BACK,0.4751,0.4112,0.6552,0.1446,0.3640,2.2355,0.1410,0.3022,0.2467,0.9697
CR,yaw,12,CAM_BACK_LEFT,0.4780,0.4188,0.6286,0.1426,0.3953,2.5277,0.1473,0.3036,0.2513,0.9755
CR,yaw,12,CAM_BACK_RIGHT,0.4863,0.4305,0.6056,0.1443,0.4004,2.4408,0.1395,0.3087,0.2583,0.9925
CR,yaw,16,all,0.4710,0.3997,0.6492,0.1464,0.3616,2.3454,0.1314,0.2999,0.2398,0.9612
CR,yaw,16,CAM_FRONT,0.4857,0.4335,0.6063,0.1438,0.4070,2.4838,0.1535,0.3081,0.2601,0.9912
CR,yaw,16,CAM_FRONT_RIGHT,0.4872,0.4343,0.6073,0.1452,0.4006,2.4266,0.1466,0.3091,0.2606,0.9943
CR,yaw,16,CAM_FRONT_LEFT,0.4895,0.4383,0.6120,0.1443,0.3913,2.4142,0.1495,0.3105,0.2630,0.9990
CR,yaw,16,CAM_BACK,0.4721,0.4039,0.6633,0.1464,0.3459,2.1694,0.1427,0.3005,0.2423,0.9635
CR,yaw,16,CAM_BACK_LEFT,0.4728,0.4107,0.6289,0.1438,0.3989,2.5523,0.1537,0.3004,0.2464,0.9650
CR,yaw,16,CAM_BACK_RIGHT,0.4875,0.4330,0.6035,0.1449,0.4008,2.4411,0.1406,0.3094,0.2598,0.9950
CR,yaw,20,all,0.4780,0.4085,0.6142,0.1451,0.3645,2.3049,0.1383,0.3040,0.2451,0.9756
CR,yaw,20,CAM_FRONT,0.4846,0.4317,0.6104,0.1434,0.4090,2.4517,0.1495,0.3075,0.2590,0.9891
CR,yaw,20,CAM_FRONT_RIGHT,0.4877,0.4348,0.6050,0.1447,0.3991,2.4230,0.1486,0.3094,0.2609,0.9953
CR,yaw,20,CAM_FRONT_LEFT,0.4884,0.4377,0.6153,0.1440,0.3977,2.4170,0.1472,0.3099,0.2626,0.9968
CR,yaw,20,CAM_BACK,0.4689,0.3983,0.6703,0.1433,0.3475,2.2189,0.1409,0.2986,0.2390,0.9571
CR,yaw,20,CAM_BACK_LEFT,0.4712,0.4091,0.6357,0.1442,0.3965,2.5165,0.1570,0.2994,0.2455,0.9617
CR,yaw,20,CAM_BACK_RIGHT,0.4884,0.4356,0.6089,0.1453,0.4004,2.4525,0.1391,0.3100,0.2613,0.9968
CR,pitch,-20,all,0.3155,0.1907,1.0176,0.1701,0.4510,2.6861,0.1774,0.2053,0.1144,0.6440
CR,pitch,-20,CAM_FRONT,0.4636,0.3999,0.6335,0.1498,0.4154,2.5647,0.1651,0.2946,0.2399,0.9461
CR,pitch,-20,CAM_FRONT_RIGHT,0.4768,0.4186,0.6323,0.1449,0.4038,2.3982,0.1442,0.3029,0.2512,0.9731
CR,pitch,-20,CAM_FRONT_LEFT,0.4729,0.4084,0.6245,0.1472,0.3935,2.5038,0.1481,0.3006,0.2450,0.9651
CR,pitch,-20,CAM_BACK,0.4453,0.3636,0.6726,0.1526,0.3867,2.3267,0.1531,0.2840,0.2182,0.9088
CR,pitch,-20,CAM_BACK_LEFT,0.4608,0.3896,0.6535,0.1433,0.3933,2.4736,0.1500,0.2933,0.2338,0.9404
CR,pitch,-20,CAM_BACK_RIGHT,0.4758,0.4124,0.6353,0.1452,0.4103,2.3504,0.1129,0.3027,0.2474,0.9712
CR,pitch,-16,all,0.3382,0.2162,1.0018,0.1646,0.3944,2.4903,0.1402,0.2199,0.1297,0.6902
CR,pitch,-16,CAM_FRONT,0.4682,0.4064,0.6316,0.1497,0.4092,2.4791,0.1594,0.2975,0.2438,0.9556
CR,pitch,-16,CAM_FRONT_RIGHT,0.4788,0.4214,0.6247,0.1440,0.4033,2.4234,0.1473,0.3040,0.2529,0.9772
CR,pitch,-16,CAM_FRONT_LEFT,0.4755,0.4087,0.6151,0.1460,0.3810,2.4265,0.1466,0.3022,0.2452,0.9704
CR,pitch,-16,CAM_BACK,0.4538,0.3789,0.6689,0.1526,0.3842,2.3480,0.1511,0.2891,0.2273,0.9261
CR,pitch,-16,CAM_BACK_LEFT,0.4600,0.3907,0.6631,0.1428,0.3979,2.4848,0.1492,0.2928,0.2344,0.9389
CR,pitch,-16,CAM_BACK_RIGHT,0.4713,0.4063,0.6496,0.1454,0.4099,2.3545,0.1135,0.3000,0.2438,0.9618
CR,pitch,-12,all,0.3487,0.2251,0.9966,0.1660,0.3763,2.4456,0.0989,0.2269,0.1350,0.7118
CR,pitch,-12,CAM_FRONT,0.4678,0.4058,0.6439,0.1495,0.4054,2.4802,0.1523,0.2974,0.2435,0.9547
CR,pitch,-12,CAM_FRONT_RIGHT,0.4793,0.4223,0.6188,0.1438,0.4069,2.4766,0.1492,0.3043,0.2534,0.9782
CR,pitch,-12,CAM_FRONT_LEFT,0.4756,0.4122,0.6247,0.1459,0.3849,2.4430,0.1491,0.3022,0.2473,0.9707
CR,pitch,-12,CAM_BACK,0.4591,0.3892,0.6828,0.1499,0.3713,2.3270,0.1509,0.2924,0.2335,0.9370
CR,pitch,-12,CAM_BACK_LEFT,0.4574,0.3848,0.6613,0.1455,0.3873,2.4987,0.1558,0.2912,0.2309,0.9336
CR,pitch,-12,CAM_BACK_RIGHT,0.4726,0.4076,0.6476,0.1446,0.4104,2.3501,0.1093,0.3009,0.2445,0.9646
CR,pitch,-8,all,0.3569,0.2498,1.0505,0.1602,0.3710,2.4850,0.1491,0.2311,0.1499,0.7283
CR,pitch,-8,CAM_FRONT,0.4661,0.4055,0.6645,0.1470,0.4106,2.4702,0.1446,0.2964,0.2433,0.9512
CR,pitch,-8,CAM_FRONT_RIGHT,0.4754,0.4176,0.6349,0.1437,0.4048,2.4909,0.1506,0.3019,0.2505,0.9702
CR,pitch,-8,CAM_FRONT_LEFT,0.4784,0.4204,0.6382,0.1449,0.3883,2.4542,0.1462,0.3039,0.2522,0.9764
CR,pitch,-8,CAM_BACK,0.4588,0.3862,0.6730,0.1516,0.3660,2.2825,0.1530,0.2922,0.2317,0.9363
CR,pitch,-8,CAM_BACK_LEFT,0.4576,0.3879,0.6794,0.1439,0.3825,2.4744,0.1573,0.2913,0.2327,0.9340
CR,pitch,-8,CAM_BACK_RIGHT,0.4751,0.4137,0.6385,0.1451,0.4085,2.4007,0.1255,0.3021,0.2482,0.9696
CR,pitch,-4,all,0.3633,0.2668,0.9987,0.1523,0.3998,2.4094,0.1498,0.2348,0.1601,0.7415
CR,pitch,-4,CAM_FRONT,0.4636,0.4015,0.6520,0.1463,0.4276,2.5533,0.1460,0.2948,0.2409,0.9461
CR,pitch,-4,CAM_FRONT_RIGHT,0.4791,0.4228,0.6294,0.1435,0.4010,2.4402,0.1492,0.3042,0.2537,0.9778
CR,pitch,-4,CAM_FRONT_LEFT,0.4817,0.4267,0.6294,0.1451,0.3975,2.4733,0.1453,0.3058,0.2560,0.9830
CR,pitch,-4,CAM_BACK,0.4571,0.3832,0.6749,0.1505,0.3677,2.2225,0.1524,0.2912,0.2299,0.9328
CR,pitch,-4,CAM_BACK_LEFT,0.4646,0.3965,0.6611,0.1402,0.3874,2.4723,0.1479,0.2956,0.2379,0.9481
CR,pitch,-4,CAM_BACK_RIGHT,0.4767,0.4185,0.6399,0.1442,0.4054,2.4088,0.1353,0.3030,0.2511,0.9730
CR,pitch,4,all,0.3708,0.2956,0.8973,0.1481,0.5496,2.9817,0.1750,0.2379,0.1774,0.7568
CR,pitch,4,CAM_FRONT,0.4813,0.4299,0.6266,0.1460,0.4073,2.4006,0.1572,0.3053,0.2580,0.9822
CR,pitch,4,CAM_FRONT_RIGHT,0.4821,0.4268,0.6229,0.1460,0.4030,2.4219,0.1412,0.3061,0.2561,0.9839
CR,pitch,4,CAM_FRONT_LEFT,0.4652,0.4137,0.6348,0.1421,0.4936,2.7907,0.1457,0.2953,0.2482,0.9495
CR,pitch,4,CAM_BACK,0.4672,0.4012,0.6499,0.1473,0.3781,2.3105,0.1582,0.2971,0.2407,0.9536
CR,pitch,4,CAM_BACK_LEFT,0.4554,0.4031,0.6502,0.1387,0.5169,2.9550,0.1555,0.2891,0.2418,0.9294
CR,pitch,4,CAM_BACK_RIGHT,0.4807,0.4262,0.6192,0.1445,0.4044,2.4774,0.1563,0.3050,0.2557,0.9810
CR,pitch,8,all,0.3023,0.2020,1.0079,0.1712,0.6376,3.2396,0.1783,0.1961,0.1212,0.6169
CR,pitch,8,CAM_FRONT,0.4705,0.4089,0.6255,0.1487,0.4131,2.4271,0.1523,0.2989,0.2453,0.9602
CR,pitch,8,CAM_FRONT_RIGHT,0.4772,0.4175,0.6277,0.1460,0.4034,2.4405,0.1385,0.3032,0.2505,0.9739
CR,pitch,8,CAM_FRONT_LEFT,0.4625,0.4123,0.6439,0.1403,0.5055,2.8494,0.1467,0.2936,0.2474,0.9439
CR,pitch,8,CAM_BACK,0.4539,0.3756,0.6484,0.1495,0.3824,2.2230,0.1587,0.2891,0.2254,0.9264
CR,pitch,8,CAM_BACK_LEFT,0.4470,0.3904,0.6461,0.1409,0.5377,3.0130,0.1573,0.2839,0.2342,0.9123
CR,pitch,8,CAM_BACK_RIGHT,0.4740,0.4152,0.6315,0.1454,0.4082,2.4906,0.1503,0.3011,0.2491,0.9675
CR,pitch,12,all,0.2750,0.1493,1.0264,0.1932,0.6016,2.9245,0.2022,0.1796,0.0896,0.5612
CR,pitch,12,CAM_FRONT,0.4633,0.3942,0.6238,0.1499,0.4083,2.3963,0.1560,0.2946,0.2365,0.9455
CR,pitch,12,CAM_FRONT_RIGHT,0.4759,0.4163,0.6212,0.1472,0.4050,2.4976,0.1490,0.3023,0.2498,0.9714
CR,pitch,12,CAM_FRONT_LEFT,0.4548,0.4002,0.6450,0.1428,0.5097,2.9510,0.1557,0.2888,0.2401,0.9282
CR,pitch,12,CAM_BACK,0.4466,0.3662,0.6613,0.1509,0.3858,2.2997,0.1665,0.2846,0.2197,0.9116
CR,pitch,12,CAM_BACK_LEFT,0.4559,0.3919,0.6369,0.1469,0.4620,2.6901,0.1552,0.2898,0.2352,0.9304
CR,pitch,12,CAM_BACK_RIGHT,0.4624,0.4005,0.6673,0.1436,0.4104,2.4385,0.1576,0.2940,0.2403,0.9437
CR,pitch,16,all,0.2542,0.1066,1.0508,0.2255,0.5420,2.8265,0.2233,0.1672,0.0639,0.5188
CR,pitch,16,CAM_FRONT,0.4559,0.3827,0.6246,0.1515,0.4196,2.4205,0.1588,0.2900,0.2296,0.9304
CR,pitch,16,CAM_FRONT_RIGHT,0.4765,0.4178,0.6201,0.1471,0.4061,2.4866,0.1503,0.3026,0.2507,0.9726
CR,pitch,16,CAM_FRONT_LEFT,0.4591,0.4024,0.6336,0.1416,0.4916,2.8592,0.1542,0.2915,0.2414,0.9369
CR,pitch,16,CAM_BACK,0.4341,0.3515,0.6800,0.1527,0.3979,2.3192,0.1863,0.2767,0.2109,0.8859
CR,pitch,16,CAM_BACK_LEFT,0.4513,0.3809,0.6395,0.1526,0.4424,2.6193,0.1572,0.2871,0.2286,0.9211
CR,pitch,16,CAM_BACK_RIGHT,0.4659,0.3972,0.6471,0.1471,0.4181,2.3533,0.1144,0.2967,0.2383,0.9509
CR,pitch,20,all,0.1941,0.0340,1.1708,0.3066,0.6405,3.0728,0.2817,0.1296,0.0204,0.3962
CR,pitch,20,CAM_FRONT,0.4473,0.3657,0.6250,0.1527,0.4248,2.4308,0.1530,0.2849,0.2194,0.9129
CR,pitch,20,CAM_FRONT_RIGHT,0.4730,0.4097,0.6184,0.1473,0.4106,2.4458,0.1420,0.3006,0.2458,0.9654
CR,pitch,20,CAM_FRONT_LEFT,0.4621,0.3990,0.6245,0.1453,0.4496,2.6530,0.1543,0.2936,0.2394,0.9431
CR,pitch,20,CAM_BACK,0.4172,0.3162,0.6679,0.1553,0.3988,2.3062,0.1871,0.2665,0.1897,0.8514
CR,pitch,20,CAM_BACK_LEFT,0.4443,0.3656,0.6355,0.1465,0.4414,2.7037,0.1611,0.2829,0.2193,0.9068
CR,pitch,20,CAM_BACK_RIGHT,0.4633,0.3956,0.6609,0.1460,0.4161,2.3533,0.1218,0.2950,0.2373,0.9455
CR,roll,-20,all,0.2499,0.0925,1.0848,0.2089,0.5837,2.8649,0.1702,0.1652,0.0555,0.5101
CR,roll,-20,CAM_FRONT,0.4521,0.3798,0.6249,0.1517,0.4379,2.4712,0.1629,0.2876,0.2279,0.9228
CR,roll,-20,CAM_FRONT_RIGHT,0.4752,0.4162,0.6365,0.1452,0.4075,2.4092,0.1392,0.3020,0.2497,0.9699
CR,roll,-20,CAM_FRONT_LEFT,0.4655,0.4010,0.6322,0.1464,0.4256,2.5655,0.1466,0.2959,0.2406,0.9500
CR,roll,-20,CAM_BACK,0.4090,0.3072,0.6866,0.1538,0.4420,2.3850,0.1638,0.2617,0.1843,0.8347
CR,roll,-20,CAM_BACK_LEFT,0.4604,0.3895,0.6546,0.1439,0.3931,2.4786,0.1514,0.2930,0.2337,0.9397
CR,roll,-20,CAM_BACK_RIGHT,0.4749,0.4138,0.6231,0.1456,0.4092,2.4573,0.1420,0.3018,0.2483,0.9693
CR,roll,-16,all,0.2721,0.1188,1.0585,0.1908,0.5066,2.5803,0.1750,0.1789,0.0713,0.5554
CR,roll,-16,CAM_FRONT,0.4589,0.3882,0.6129,0.1495,0.4292,2.4462,0.1604,0.2917,0.2329,0.9366
CR,roll,-16,CAM_FRONT_RIGHT,0.4746,0.4184,0.6486,0.1443,0.4090,2.4065,0.1443,0.3015,0.2511,0.9686
CR,roll,-16,CAM_FRONT_LEFT,0.4706,0.4067,0.6277,0.1441,0.4116,2.5276,0.1446,0.2991,0.2440,0.9604
CR,roll,-16,CAM_BACK,0.4139,0.3124,0.6970,0.1536,0.4141,2.3161,0.1586,0.2649,0.1875,0.8447
CR,roll,-16,CAM_BACK_LEFT,0.4595,0.3916,0.6519,0.1435,0.4153,2.5558,0.1523,0.2923,0.2350,0.9378
CR,roll,-16,CAM_BACK_RIGHT,0.4750,0.4158,0.6212,0.1451,0.4024,2.5357,0.1602,0.3016,0.2495,0.9694
CR,roll,-12,all,0.2957,0.1550,0.9803,0.1757,0.4939,2.5430,0.1680,0.1933,0.0930,0.6035
CR,roll,-12,CAM_FRONT,0.4624,0.3926,0.6130,0.1485,0.4177,2.4419,0.1595,0.2939,0.2355,0.9437
CR,roll,-12,CAM_FRONT_RIGHT,0.4744,0.4179,0.6471,0.1446,0.4072,2.3846,0.1474,0.3014,0.2508,0.9681
CR,roll,-12,CAM_FRONT_LEFT,0.4708,0.4060,0.6306,0.1444,0.3990,2.4937,0.1480,0.2993,0.2436,0.9609
CR,roll,-12,CAM_BACK,0.4186,0.3158,0.6726,0.1570,0.4086,2.2906,0.1547,0.2678,0.1895,0.8544
CR,roll,-12,CAM_BACK_LEFT,0.4665,0.4060,0.6500,0.1428,0.4210,2.5885,0.1517,0.2965,0.2436,0.9520
CR,roll,-12,CAM_BACK_RIGHT,0.4813,0.4264,0.6153,0.1440,0.4012,2.5751,0.1585,0.3054,0.2559,0.9823
CR,roll,-8,all,0.3299,0.1946,0.8775,0.1651,0.4675,2.4784,0.1639,0.2140,0.1168,0.6734
CR,roll,-8,CAM_FRONT,0.4606,0.3952,0.6300,0.1483,0.4310,2.4971,0.1605,0.2928,0.2371,0.9401
CR,roll,-8,CAM_FRONT_RIGHT,0.4751,0.4187,0.6455,0.1450,0.4038,2.4000,0.1478,0.3018,0.2512,0.9697
CR,roll,-8,CAM_FRONT_LEFT,0.4736,0.4110,0.6299,0.1443,0.4010,2.4662,0.1442,0.3010,0.2466,0.9665
CR,roll,-8,CAM_BACK,0.4309,0.3370,0.6727,0.1514,0.3945,2.2384,0.1572,0.2752,0.2022,0.8795
CR,roll,-8,CAM_BACK_LEFT,0.4692,0.4085,0.6427,0.1438,0.4147,2.5884,0.1489,0.2982,0.2451,0.9577
CR,roll,-8,CAM_BACK_RIGHT,0.4825,0.4254,0.6084,0.1449,0.4011,2.4532,0.1475,0.3063,0.2553,0.9848
CR,roll,-4,all,0.3942,0.2857,0.7492,0.1540,0.4363,2.4441,0.1471,0.2531,0.1714,0.8045
CR,roll,-4,CAM_FRONT,0.4722,0.4154,0.6214,0.1471,0.4322,2.5425,0.1547,0.2998,0.2493,0.9637
CR,roll,-4,CAM_FRONT_RIGHT,0.4804,0.4235,0.6270,0.1454,0.4007,2.4120,0.1404,0.3051,0.2541,0.9804
CR,roll,-4,CAM_FRONT_LEFT,0.4804,0.4215,0.6185,0.1444,0.3925,2.4323,0.1480,0.3051,0.2529,0.9805
CR,roll,-4,CAM_BACK,0.4499,0.3694,0.6554,0.1500,0.3882,2.2670,0.1543,0.2867,0.2217,0.9183
CR,roll,-4,CAM_BACK_LEFT,0.4751,0.4167,0.6356,0.1431,0.4092,2.5323,0.1445,0.3018,0.2500,0.9697
CR,roll,-4,CAM_BACK_RIGHT,0.4854,0.4298,0.6003,0.1441,0.4015,2.4219,0.1493,0.3080,0.2579,0.9906
CR,roll,4,all,0.4015,0.2918,0.7436,0.1494,0.3772,2.4518,0.1736,0.2575,0.1751,0.8195
CR,roll,4,CAM_FRONT,0.4669,0.4029,0.6360,0.1463,0.4018,2.4687,0.1610,0.2967,0.2417,0.9530
CR,roll,4,CAM_FRONT_RIGHT,0.4850,0.4319,0.6155,0.1452,0.4028,2.4153,0.1455,0.3078,0.2591,0.9899
CR,roll,4,CAM_FRONT_LEFT,0.4762,0.4179,0.6290,0.1441,0.4074,2.5382,0.1464,0.3025,0.2507,0.9720
CR,roll,4,CAM_BACK,0.4556,0.3738,0.6613,0.1486,0.3565,2.2034,0.1464,0.2905,0.2243,0.9299
CR,roll,4,CAM_BACK_LEFT,0.4790,0.4232,0.6221,0.1445,0.4025,2.4981,0.1565,0.3041,0.2539,0.9777
CR,roll,4,CAM_BACK_RIGHT,0.4843,0.4302,0.6117,0.1431,0.3993,2.4923,0.1543,0.3073,0.2581,0.9884
CR,roll,8,all,0.3418,0.2101,0.8202,0.1565,0.4917,2.6388,0.1643,0.2210,0.1260,0.6975
CR,roll,8,CAM_FRONT,0.4554,0.3829,0.6434,0.1479,0.4164,2.4754,0.1531,0.2898,0.2298,0.9294
CR,roll,8,CAM_FRONT_RIGHT,0.4834,0.4281,0.6178,0.1456,0.4004,2.3919,0.1429,0.3069,0.2568,0.9865
CR,roll,8,CAM_FRONT_LEFT,0.4725,0.4200,0.6310,0.1451,0.4500,2.6455,0.1489,0.2999,0.2520,0.9643
CR,roll,8,CAM_BACK,0.4370,0.3426,0.6580,0.1526,0.3767,2.1982,0.1555,0.2790,0.2055,0.8919
CR,roll,8,CAM_BACK_LEFT,0.4718,0.4128,0.6308,0.1411,0.4190,2.5700,0.1548,0.2996,0.2477,0.9629
CR,roll,8,CAM_BACK_RIGHT,0.4793,0.4223,0.6202,0.1437,0.4031,2.5097,0.1518,0.3043,0.2534,0.9782
CR,roll,12,all,0.3018,0.1532,0.8734,0.1652,0.5268,2.6050,0.1824,0.1965,0.0919,0.6160
CR,roll,12,CAM_FRONT,0.4515,0.3763,0.6335,0.1478,0.4221,2.4722,0.1632,0.2873,0.2258,0.9215
CR,roll,12,CAM_FRONT_RIGHT,0.4831,0.4264,0.6130,0.1453,0.4005,2.4187,0.1421,0.3067,0.2558,0.9860
CR,roll,12,CAM_FRONT_LEFT,0.4690,0.4114,0.6282,0.1453,0.4466,2.6619,0.1466,0.2979,0.2468,0.9573
CR,roll,12,CAM_BACK,0.4316,0.3313,0.6515,0.1537,0.3744,2.1689,0.1609,0.2757,0.1988,0.8808
CR,roll,12,CAM_BACK_LEFT,0.4647,0.4025,0.6380,0.1420,0.4310,2.6061,0.1543,0.2953,0.2415,0.9485
CR,roll,12,CAM_BACK_RIGHT,0.4773,0.4178,0.6253,0.1445,0.4067,2.4292,0.1395,0.3032,0.2507,0.9741
CR,roll,16,all,0.2730,0.1277,0.9640,0.1940,0.5665,2.6386,0.1844,0.1789,0.0766,0.5571
CR,roll,16,CAM_FRONT,0.4509,0.3759,0.6345,0.1497,0.4249,2.4576,0.1614,0.2870,0.2256,0.9203
CR,roll,16,CAM_FRONT_RIGHT,0.4819,0.4247,0.6161,0.1450,0.3999,2.3801,0.1435,0.3060,0.2548,0.9835
CR,roll,16,CAM_FRONT_LEFT,0.4628,0.4032,0.6315,0.1441,0.4575,2.7576,0.1550,0.2940,0.2419,0.9445
CR,roll,16,CAM_BACK,0.4242,0.3233,0.6670,0.1561,0.3876,2.1775,0.1634,0.2712,0.1940,0.8658
CR,roll,16,CAM_BACK_LEFT,0.4614,0.3993,0.6426,0.1452,0.4404,2.6281,0.1540,0.2933,0.2396,0.9417
CR,roll,16,CAM_BACK_RIGHT,0.4767,0.4158,0.6294,0.1451,0.4089,2.4127,0.1288,0.3030,0.2495,0.9729
CR,roll,20,all,0.2446,0.0990,1.0268,0.2337,0.6081,2.7075,0.2070,0.1613,0.0594,0.4993
CR,roll,20,CAM_FRONT,0.4478,0.3709,0.6338,0.1503,0.4247,2.4403,0.1680,0.2850,0.2226,0.9139
CR,roll,20,CAM_FRONT_RIGHT,0.4800,0.4208,0.6132,0.1455,0.3992,2.3678,0.1461,0.3048,0.2525,0.9796
CR,roll,20,CAM_FRONT_LEFT,0.4614,0.4032,0.6376,0.1449,0.4620,2.7866,0.1576,0.2930,0.2419,0.9416
CR,roll,20,CAM_BACK,0.4258,0.3223,0.6533,0.1571,0.3912,2.2000,0.1522,0.2723,0.1934,0.8690
CR,roll,20,CAM_BACK_LEFT,0.4565,0.3913,0.6370,0.1437,0.4468,2.7074,0.1642,0.2901,0.2348,0.9316
CR,roll,20,CAM_BACK_RIGHT,0.4716,0.4104,0.6441,0.1461,0.4139,2.4367,0.1318,0.2999,0.2463,0.9626
