condition,axis,mag,protocol,nds,map6,rrs
ER,yaw,-20,CAM_FRONT,0.4417,0.3011,0.7964
ER,yaw,-20,CAM_FRONT_LEFT,0.5013,0.4112,0.9038
ER,yaw,-20,CAM_BACK_LEFT,0.4860,0.4081,0.8762
ER,yaw,-20,all,0.1779,0.0196,0.3207
ER,yaw,-16,CAM_FRONT_RIGHT,0.5276,0.4671,0.9512
ER,yaw,-16,CAM_BACK,0.4197,0.2780,0.7567
ER,yaw,-16,CAM_BACK_RIGHT,0.5286,0.4692,0.9530
ER,yaw,-12,CAM_FRONT,0.4505,0.3196,0.8123
ER,yaw,-12,CAM_FRONT_LEFT,0.5064,0.4234,0.9131
ER,yaw,-12,CAM_BACK_LEFT,0.5072,0.4351,0.9145
ER,yaw,-12,all,0.2480,0.0592,0.4471
ER,yaw,-8,CAM_FRONT_RIGHT,0.5371,0.4848,0.9684
ER,yaw,-8,CAM_BACK,0.4535,0.3336,0.8177
ER,yaw,-8,CAM_BACK_RIGHT,0.5382,0.4857,0.9703
ER,yaw,-4,CAM_FRONT,0.4989,0.4248,0.8994
ER,yaw,-4,CAM_FRONT_LEFT,0.5336,0.4767,0.9620
ER,yaw,-4,CAM_BACK_LEFT,0.5368,0.4855,0.9677
ER,yaw,-4,all,0.3942,0.2833,0.7107
ER,yaw,4,CAM_FRONT_RIGHT,0.5478,0.5025,0.9876
ER,yaw,4,CAM_BACK,0.4968,0.4182,0.8956
ER,yaw,4,CAM_BACK_RIGHT,0.5489,0.5049,0.9896
ER,yaw,8,CAM_FRONT,0.4644,0.3464,0.8372
ER,yaw,8,CAM_FRONT_LEFT,0.5171,0.4473,0.9322
ER,yaw,8,CAM_BACK_LEFT,0.5225,0.4601,0.9420
ER,yaw,8,all,0.3025,0.1252,0.5453
ER,yaw,12,CAM_FRONT_RIGHT,0.5416,0.4892,0.9765
ER,yaw,12,CAM_BACK,0.4367,0.2914,0.7874
ER,yaw,12,CAM_BACK_RIGHT,0.5401,0.4908,0.9737
ER,yaw,16,CAM_FRONT,0.4429,0.3001,0.7985
ER,yaw,16,CAM_FRONT_LEFT,0.4995,0.4155,0.9005
ER,yaw,16,CAM_BACK_LEFT,0.5044,0.4262,0.9095
ER,yaw,16,all,0.2271,0.0378,0.4094
ER,yaw,20,CAM_FRONT_RIGHT,0.5395,0.4813,0.9726
ER,yaw,20,CAM_BACK,0.4264,0.2615,0.7688
ER,yaw,20,CAM_BACK_RIGHT,0.5305,0.4737,0.9565
ER,pitch,-20,CAM_FRONT,0.5247,0.4722,0.9459
ER,pitch,-20,CAM_FRONT_LEFT,0.5478,0.5057,0.9877
ER,pitch,-20,CAM_BACK_LEFT,0.5486,0.5024,0.9891
ER,pitch,-20,all,0.4716,0.4036,0.8503
ER,pitch,-16,CAM_FRONT_RIGHT,0.5508,0.5076,0.9930
ER,pitch,-16,CAM_BACK,0.5372,0.4907,0.9686
ER,pitch,-16,CAM_BACK_RIGHT,0.5528,0.5103,0.9967
ER,pitch,-12,CAM_FRONT,0.5462,0.5022,0.9847
ER,pitch,-12,CAM_FRONT_LEFT,0.5509,0.5069,0.9932
ER,pitch,-12,CAM_BACK_LEFT,0.5543,0.5118,0.9994
ER,pitch,-12,all,0.5315,0.4812,0.9583
ER,pitch,-8,CAM_FRONT_RIGHT,0.5542,0.5129,0.9991
ER,pitch,-8,CAM_BACK,0.5533,0.5129,0.9976
ER,pitch,-8,CAM_BACK_RIGHT,0.5545,0.5130,0.9997
ER,pitch,-4,CAM_FRONT,0.5549,0.5137,1.0004
ER,pitch,-4,CAM_FRONT_LEFT,0.5541,0.5115,0.9991
ER,pitch,-4,CAM_BACK_LEFT,0.5552,0.5136,1.0010
ER,pitch,-4,all,0.5542,0.5121,0.9992
ER,pitch,4,CAM_FRONT_RIGHT,0.5543,0.5126,0.9994
ER,pitch,4,CAM_BACK,0.5545,0.5131,0.9998
ER,pitch,4,CAM_BACK_RIGHT,0.5546,0.5130,0.9998
ER,pitch,8,CAM_FRONT,0.5495,0.5077,0.9908
ER,pitch,8,CAM_FRONT_LEFT,0.5552,0.5157,1.0011
ER,pitch,8,CAM_BACK_LEFT,0.5539,0.5131,0.9987
ER,pitch,8,all,0.5456,0.5032,0.9836
ER,pitch,12,CAM_FRONT_RIGHT,0.5536,0.5122,0.9981
ER,pitch,12,CAM_BACK,0.5509,0.5082,0.9932
ER,pitch,12,CAM_BACK_RIGHT,0.5536,0.5113,0.9982
ER,pitch,16,CAM_FRONT,0.5382,0.4906,0.9702
ER,pitch,16,CAM_FRONT_LEFT,0.5534,0.5130,0.9978
ER,pitch,16,CAM_BACK_LEFT,0.5505,0.5083,0.9925
ER,pitch,16,all,0.5179,0.4636,0.9338
ER,pitch,20,CAM_FRONT_RIGHT,0.5516,0.5088,0.9944
ER,pitch,20,CAM_BACK,0.5302,0.4764,0.9560
ER,pitch,20,CAM_BACK_RIGHT,0.5512,0.5077,0.9938
ER,roll,-20,CAM_FRONT,0.5470,0.5050,0.9862
ER,roll,-20,CAM_FRONT_LEFT,0.5522,0.5112,0.9955
ER,roll,-20,CAM_BACK_LEFT,0.5467,0.4992,0.9856
ER,roll,-20,all,0.5205,0.4687,0.9384
ER,roll,-16,CAM_FRONT_RIGHT,0.5528,0.5112,0.9966
ER,roll,-16,CAM_BACK,0.5488,0.5062,0.9894
ER,roll,-16,CAM_BACK_RIGHT,0.5529,0.5121,0.9969
ER,roll,-12,CAM_FRONT,0.5534,0.5132,0.9977
ER,roll,-12,CAM_FRONT_LEFT,0.5540,0.5129,0.9987
ER,roll,-12,CAM_BACK_LEFT,0.5527,0.5083,0.9964
ER,roll,-12,all,0.5459,0.5032,0.9842
ER,roll,-8,CAM_FRONT_RIGHT,0.5544,0.5138,0.9996
ER,roll,-8,CAM_BACK,0.5530,0.5115,0.9970
ER,roll,-8,CAM_BACK_RIGHT,0.5543,0.5132,0.9994
ER,roll,-4,CAM_FRONT,0.5550,0.5142,1.0006
ER,roll,-4,CAM_FRONT_LEFT,0.5542,0.5127,0.9992
ER,roll,-4,CAM_BACK_LEFT,0.5549,0.5132,1.0004
ER,roll,-4,all,0.5545,0.5145,0.9997
ER,roll,4,CAM_FRONT_RIGHT,0.5544,0.5132,0.9995
ER,roll,4,CAM_BACK,0.5547,0.5133,1.0000
ER,roll,4,CAM_BACK_RIGHT,0.5546,0.5130,0.9998
ER,roll,8,CAM_FRONT,0.5531,0.5127,0.9971
ER,roll,8,CAM_FRONT_LEFT,0.5544,0.5126,0.9996
ER,roll,8,CAM_BACK_LEFT,0.5536,0.5129,0.9981
ER,roll,8,all,0.5483,0.5058,0.9885
ER,roll,12,CAM_FRONT_RIGHT,0.5528,0.5109,0.9967
ER,roll,12,CAM_BACK,0.5505,0.5076,0.9925
ER,roll,12,CAM_BACK_RIGHT,0.5531,0.5103,0.9972
ER,roll,16,CAM_FRONT,0.5488,0.5079,0.9895
ER,roll,16,CAM_FRONT_LEFT,0.5522,0.5100,0.9955
ER,roll,16,CAM_BACK_LEFT,0.5514,0.5105,0.9941
ER,roll,16,all,0.5245,0.4745,0.9457
ER,roll,20,CAM_FRONT_RIGHT,0.5504,0.5074,0.9924
ER,roll,20,CAM_BACK,0.5355,0.4861,0.9655
ER,roll,20,CAM_BACK_RIGHT,0.5499,0.5054,0.9913
VR,yaw,-20,CAM_FRONT,0.4375,0.2904,0.7887
VR,yaw,-20,CAM_FRONT_LEFT,0.5094,0.4348,0.9184
VR,yaw,-20,CAM_BACK_LEFT,0.4950,0.4045,0.8925
VR,yaw,-20,all,0.2115,0.0272,0.3813
VR,yaw,-16,CAM_FRONT_RIGHT,0.5321,0.4725,0.9593
VR,yaw,-16,CAM_BACK,0.4362,0.2950,0.7864
VR,yaw,-16,CAM_BACK_RIGHT,0.5414,0.4872,0.9760
VR,yaw,-12,CAM_FRONT,0.4456,0.3067,0.8034
VR,yaw,-12,CAM_FRONT_LEFT,0.5133,0.4414,0.9255
VR,yaw,-12,CAM_BACK_LEFT,0.5095,0.4340,0.9186
VR,yaw,-12,all,0.2571,0.0658,0.4636
VR,yaw,-8,CAM_FRONT_RIGHT,0.5408,0.4900,0.9750
VR,yaw,-8,CAM_BACK,0.4588,0.3402,0.8271
VR,yaw,-8,CAM_BACK_RIGHT,0.5472,0.4960,0.9866
VR,yaw,-4,CAM_FRONT,0.4973,0.4224,0.8965
VR,yaw,-4,CAM_FRONT_LEFT,0.5380,0.4848,0.9699
VR,yaw,-4,CAM_BACK_LEFT,0.5406,0.4871,0.9747
VR,yaw,-4,all,0.4106,0.2918,0.7402
VR,yaw,4,CAM_FRONT_RIGHT,0.5467,0.5016,0.9856
VR,yaw,4,CAM_BACK,0.4893,0.4068,0.8821
VR,yaw,4,CAM_BACK_RIGHT,0.5498,0.5025,0.9912
VR,yaw,8,CAM_FRONT,0.4691,0.3580,0.8457
VR,yaw,8,CAM_FRONT_LEFT,0.5119,0.4343,0.9228
VR,yaw,8,CAM_BACK_LEFT,0.5220,0.4564,0.9411
VR,yaw,8,all,0.2993,0.1166,0.5396
VR,yaw,12,CAM_FRONT_RIGHT,0.5295,0.4709,0.9547
VR,yaw,12,CAM_BACK,0.4297,0.2865,0.7747
VR,yaw,12,CAM_BACK_RIGHT,0.5354,0.4783,0.9653
VR,yaw,16,CAM_FRONT,0.4559,0.3306,0.8219
VR,yaw,16,CAM_FRONT_LEFT,0.4966,0.4021,0.8953
VR,yaw,16,CAM_BACK_LEFT,0.5082,0.4309,0.9163
VR,yaw,16,all,0.2267,0.0288,0.4087
VR,yaw,20,CAM_FRONT_RIGHT,0.5253,0.4628,0.9470
VR,yaw,20,CAM_BACK,0.4106,0.2582,0.7403
VR,yaw,20,CAM_BACK_RIGHT,0.5228,0.4555,0.9426
VR,pitch,-20,CAM_FRONT,0.4836,0.3841,0.8719
VR,pitch,-20,CAM_FRONT_LEFT,0.5182,0.4506,0.9343
VR,pitch,-20,CAM_BACK_LEFT,0.5041,0.4136,0.9089
VR,pitch,-20,all,0.0505,0.0036,0.0911
VR,pitch,-16,CAM_FRONT_RIGHT,0.5348,0.4756,0.9643
VR,pitch,-16,CAM_BACK,0.4577,0.3456,0.8253
VR,pitch,-16,CAM_BACK_RIGHT,0.5355,0.4759,0.9654
VR,pitch,-12,CAM_FRONT,0.4814,0.3795,0.8679
VR,pitch,-12,CAM_FRONT_LEFT,0.5137,0.4418,0.9262
VR,pitch,-12,CAM_BACK_LEFT,0.4995,0.4115,0.9005
VR,pitch,-12,all,0.0571,0.0220,0.1029
VR,pitch,-8,CAM_FRONT_RIGHT,0.5318,0.4698,0.9588
VR,pitch,-8,CAM_BACK,0.4435,0.3254,0.7996
VR,pitch,-8,CAM_BACK_RIGHT,0.5402,0.4789,0.9739
VR,pitch,-4,CAM_FRONT,0.4658,0.3542,0.8397
VR,pitch,-4,CAM_FRONT_LEFT,0.5096,0.4346,0.9187
VR,pitch,-4,CAM_BACK_LEFT,0.5069,0.4233,0.9139
VR,pitch,-4,all,0.2347,0.0502,0.4232
VR,pitch,4,CAM_FRONT_RIGHT,0.5418,0.4903,0.9768
VR,pitch,4,CAM_BACK,0.4564,0.3631,0.8229
VR,pitch,4,CAM_BACK_RIGHT,0.5395,0.4886,0.9727
VR,pitch,8,CAM_FRONT,0.4798,0.3774,0.8651
VR,pitch,8,CAM_FRONT_LEFT,0.5152,0.4486,0.9288
VR,pitch,8,CAM_BACK_LEFT,0.5032,0.4276,0.9072
VR,pitch,8,all,0.1210,0.0220,0.2181
VR,pitch,12,CAM_FRONT_RIGHT,0.5375,0.4819,0.9691
VR,pitch,12,CAM_BACK,0.4569,0.3508,0.8238
VR,pitch,12,CAM_BACK_RIGHT,0.5366,0.4758,0.9675
VR,pitch,16,CAM_FRONT,0.4827,0.3838,0.8702
VR,pitch,16,CAM_FRONT_LEFT,0.5169,0.4502,0.9319
VR,pitch,16,CAM_BACK_LEFT,0.5053,0.4236,0.9111
VR,pitch,16,all,0.0325,0.0054,0.0585
VR,pitch,20,CAM_FRONT_RIGHT,0.5355,0.4783,0.9655
VR,pitch,20,CAM_BACK,0.4512,0.3509,0.8135
VR,pitch,20,CAM_BACK_RIGHT,0.5299,0.4608,0.9554
VR,roll,-20,CAM_FRONT,0.4777,0.3788,0.8612
VR,roll,-20,CAM_FRONT_LEFT,0.5186,0.4547,0.9350
VR,roll,-20,CAM_BACK_LEFT,0.5145,0.4404,0.9276
VR,roll,-20,all,0.2153,0.0326,0.3881
VR,roll,-16,CAM_FRONT_RIGHT,0.5409,0.4895,0.9752
VR,roll,-16,CAM_BACK,0.4468,0.3380,0.8056
VR,roll,-16,CAM_BACK_RIGHT,0.5429,0.4846,0.9789
VR,roll,-12,CAM_FRONT,0.4729,0.3695,0.8526
VR,roll,-12,CAM_FRONT_LEFT,0.5196,0.4578,0.9367
VR,roll,-12,CAM_BACK_LEFT,0.5226,0.4530,0.9422
VR,roll,-12,all,0.2687,0.0733,0.4844
VR,roll,-8,CAM_FRONT_RIGHT,0.5432,0.4930,0.9794
VR,roll,-8,CAM_BACK,0.4580,0.3529,0.8257
VR,roll,-8,CAM_BACK_RIGHT,0.5514,0.5000,0.9941
VR,roll,-4,CAM_FRONT,0.5035,0.4287,0.9077
VR,roll,-4,CAM_FRONT_LEFT,0.5308,0.4743,0.9569
VR,roll,-4,CAM_BACK_LEFT,0.5312,0.4696,0.9578
VR,roll,-4,all,0.3927,0.2481,0.7080
VR,roll,4,CAM_FRONT_RIGHT,0.5471,0.5021,0.9864
VR,roll,4,CAM_BACK,0.4837,0.3959,0.8720
VR,roll,4,CAM_BACK_RIGHT,0.5460,0.4953,0.9843
VR,roll,8,CAM_FRONT,0.4786,0.3824,0.8629
VR,roll,8,CAM_FRONT_LEFT,0.5203,0.4574,0.9380
VR,roll,8,CAM_BACK_LEFT,0.5263,0.4650,0.9489
VR,roll,8,all,0.3014,0.1281,0.5434
VR,roll,12,CAM_FRONT_RIGHT,0.5419,0.4913,0.9770
VR,roll,12,CAM_BACK,0.4579,0.3401,0.8256
VR,roll,12,CAM_BACK_RIGHT,0.5403,0.4862,0.9740
VR,roll,16,CAM_FRONT,0.4823,0.3871,0.8696
VR,roll,16,CAM_FRONT_LEFT,0.5165,0.4522,0.9313
VR,roll,16,CAM_BACK_LEFT,0.5181,0.4505,0.9341
VR,roll,16,all,0.2483,0.0687,0.4477
VR,roll,20,CAM_FRONT_RIGHT,0.5386,0.4855,0.9710
VR,roll,20,CAM_BACK,0.4548,0.3406,0.8199
VR,roll,20,CAM_BACK_RIGHT,0.5415,0.4857,0.9763
CR,yaw,-20,CAM_FRONT,0.5504,0.5110,0.9923
CR,yaw,-20,CAM_FRONT_LEFT,0.5500,0.5070,0.9916
CR,yaw,-20,CAM_BACK_LEFT,0.5545,0.5112,0.9998
CR,yaw,-20,all,0.5370,0.4831,0.9682
CR,yaw,-16,CAM_FRONT_RIGHT,0.5539,0.5110,0.9987
CR,yaw,-16,CAM_BACK,0.5336,0.4828,0.9621
CR,yaw,-16,CAM_BACK_RIGHT,0.5580,0.5114,1.0060
CR,yaw,-12,CAM_FRONT,0.5535,0.5141,0.9980
CR,yaw,-12,CAM_FRONT_LEFT,0.5502,0.5064,0.9920
CR,yaw,-12,CAM_BACK_LEFT,0.5554,0.5114,1.0013
CR,yaw,-12,all,0.5423,0.4883,0.9778
CR,yaw,-8,CAM_FRONT_RIGHT,0.5541,0.5120,0.9991
CR,yaw,-8,CAM_BACK,0.5437,0.5000,0.9803
CR,yaw,-8,CAM_BACK_RIGHT,0.5553,0.5120,1.0012
CR,yaw,-4,CAM_FRONT,0.5529,0.5112,0.9969
CR,yaw,-4,CAM_FRONT_LEFT,0.5531,0.5095,0.9972
CR,yaw,-4,CAM_BACK_LEFT,0.5556,0.5115,1.0018
CR,yaw,-4,all,0.5432,0.4931,0.9794
CR,yaw,4,CAM_FRONT_RIGHT,0.5539,0.5124,0.9987
CR,yaw,4,CAM_BACK,0.5526,0.5067,0.9963
CR,yaw,4,CAM_BACK_RIGHT,0.5560,0.5120,1.0024
CR,yaw,8,CAM_FRONT,0.5497,0.5066,0.9911
CR,yaw,8,CAM_FRONT_LEFT,0.5529,0.5119,0.9968
CR,yaw,8,CAM_BACK_LEFT,0.5486,0.4988,0.9890
CR,yaw,8,all,0.5392,0.4839,0.9722
CR,yaw,12,CAM_FRONT_RIGHT,0.5543,0.5118,0.9993
CR,yaw,12,CAM_BACK,0.5446,0.4956,0.9820
CR,yaw,12,CAM_BACK_RIGHT,0.5598,0.5152,1.0092
CR,yaw,16,CAM_FRONT,0.5490,0.5077,0.9898
CR,yaw,16,CAM_FRONT_LEFT,0.5512,0.5097,0.9939
CR,yaw,16,CAM_BACK_LEFT,0.5405,0.4858,0.9745
CR,yaw,16,all,0.5324,0.4786,0.9599
CR,yaw,20,CAM_FRONT_RIGHT,0.5546,0.5116,0.9999
CR,yaw,20,CAM_BACK,0.5358,0.4797,0.9659
CR,yaw,20,CAM_BACK_RIGHT,0.5598,0.5158,1.0093
CR,pitch,-20,CAM_FRONT,0.4836,0.3852,0.8719
CR,pitch,-20,CAM_FRONT_LEFT,0.5192,0.4521,0.9361
CR,pitch,-20,CAM_BACK_LEFT,0.5053,0.4163,0.9111
CR,pitch,-20,all,0.0511,0.0056,0.0921
CR,pitch,-16,CAM_FRONT_RIGHT,0.5357,0.4768,0.9659
CR,pitch,-16,CAM_BACK,0.4578,0.3459,0.8254
CR,pitch,-16,CAM_BACK_RIGHT,0.5328,0.4663,0.9606
CR,pitch,-12,CAM_FRONT,0.4822,0.3816,0.8693
CR,pitch,-12,CAM_FRONT_LEFT,0.5140,0.4427,0.9267
CR,pitch,-12,CAM_BACK_LEFT,0.5001,0.4128,0.9017
CR,pitch,-12,all,0.0579,0.0213,0.1045
CR,pitch,-8,CAM_FRONT_RIGHT,0.5314,0.4690,0.9580
CR,pitch,-8,CAM_BACK,0.4429,0.3259,0.7984
CR,pitch,-8,CAM_BACK_RIGHT,0.5396,0.4785,0.9729
CR,pitch,-4,CAM_FRONT,0.4658,0.3541,0.8398
CR,pitch,-4,CAM_FRONT_LEFT,0.5097,0.4348,0.9190
CR,pitch,-4,CAM_BACK_LEFT,0.5065,0.4228,0.9132
CR,pitch,-4,all,0.2336,0.0497,0.4211
CR,pitch,4,CAM_FRONT_RIGHT,0.5415,0.4898,0.9763
CR,pitch,4,CAM_BACK,0.4566,0.3630,0.8232
CR,pitch,4,CAM_BACK_RIGHT,0.5389,0.4873,0.9716
CR,pitch,8,CAM_FRONT,0.4800,0.3777,0.8655
CR,pitch,8,CAM_FRONT_LEFT,0.5160,0.4493,0.9303
CR,pitch,8,CAM_BACK_LEFT,0.5032,0.4275,0.9072
CR,pitch,8,all,0.1371,0.0214,0.2472
CR,pitch,12,CAM_FRONT_RIGHT,0.5384,0.4827,0.9706
CR,pitch,12,CAM_BACK,0.4560,0.3515,0.8222
CR,pitch,12,CAM_BACK_RIGHT,0.5370,0.4785,0.9682
CR,pitch,16,CAM_FRONT,0.4835,0.3850,0.8717
CR,pitch,16,CAM_FRONT_LEFT,0.5176,0.4514,0.9332
CR,pitch,16,CAM_BACK_LEFT,0.5055,0.4243,0.9114
CR,pitch,16,all,0.0341,0.0080,0.0615
CR,pitch,20,CAM_FRONT_RIGHT,0.5373,0.4809,0.9687
CR,pitch,20,CAM_BACK,0.4530,0.3519,0.8167
CR,pitch,20,CAM_BACK_RIGHT,0.5299,0.4611,0.9553
CR,roll,-20,CAM_FRONT,0.4774,0.3784,0.8608
CR,roll,-20,CAM_FRONT_LEFT,0.5153,0.4531,0.9291
CR,roll,-20,CAM_BACK_LEFT,0.5110,0.4345,0.9212
CR,roll,-20,all,0.2144,0.0303,0.3865
CR,roll,-16,CAM_FRONT_RIGHT,0.5402,0.4880,0.9739
CR,roll,-16,CAM_BACK,0.4483,0.3403,0.8083
CR,roll,-16,CAM_BACK_RIGHT,0.5438,0.4858,0.9805
CR,roll,-12,CAM_FRONT,0.4729,0.3691,0.8525
CR,roll,-12,CAM_FRONT_LEFT,0.5179,0.4561,0.9337
CR,roll,-12,CAM_BACK_LEFT,0.5192,0.4472,0.9361
CR,roll,-12,all,0.2640,0.0703,0.4759
CR,roll,-8,CAM_FRONT_RIGHT,0.5429,0.4927,0.9789
CR,roll,-8,CAM_BACK,0.4581,0.3531,0.8260
CR,roll,-8,CAM_BACK_RIGHT,0.5517,0.5004,0.9947
CR,roll,-4,CAM_FRONT,0.5037,0.4293,0.9081
CR,roll,-4,CAM_FRONT_LEFT,0.5302,0.4740,0.9559
CR,roll,-4,CAM_BACK_LEFT,0.5308,0.4699,0.9570
CR,roll,-4,all,0.3916,0.2482,0.7060
CR,roll,4,CAM_FRONT_RIGHT,0.5470,0.5020,0.9861
CR,roll,4,CAM_BACK,0.4839,0.3962,0.8725
CR,roll,4,CAM_BACK_RIGHT,0.5459,0.4949,0.9842
CR,roll,8,CAM_FRONT,0.4783,0.3818,0.8623
CR,roll,8,CAM_FRONT_LEFT,0.5195,0.4566,0.9367
CR,roll,8,CAM_BACK_LEFT,0.5255,0.4644,0.9474
CR,roll,8,all,0.2979,0.1275,0.5372
CR,roll,12,CAM_FRONT_RIGHT,0.5412,0.4905,0.9757
CR,roll,12,CAM_BACK,0.4528,0.3320,0.8163
CR,roll,12,CAM_BACK_RIGHT,0.5381,0.4812,0.9701
CR,roll,16,CAM_FRONT,0.4804,0.3839,0.8662
CR,roll,16,CAM_FRONT_LEFT,0.5154,0.4503,0.9292
CR,roll,16,CAM_BACK_LEFT,0.5165,0.4491,0.9313
CR,roll,16,all,0.2417,0.0657,0.4357
CR,roll,20,CAM_FRONT_RIGHT,0.5385,0.4855,0.9709
CR,roll,20,CAM_BACK,0.4540,0.3378,0.8185
CR,roll,20,CAM_BACK_RIGHT,0.5385,0.4802,0.9709
ER,yaw,-20,CAM_FRONT_RIGHT,0.5248,0.4616,0.9461
ER,yaw,-20,CAM_BACK,0.4133,0.2653,0.7451
ER,yaw,-20,CAM_BACK_RIGHT,0.5262,0.4633,0.9487
ER,yaw,-16,CAM_FRONT,0.4416,0.2995,0.7961
ER,yaw,-16,CAM_FRONT_LEFT,0.5044,0.4183,0.9094
ER,yaw,-16,CAM_BACK_LEFT,0.4979,0.4227,0.8977
ER,yaw,-16,all,0.2077,0.0322,0.3744
ER,yaw,-12,CAM_FRONT_RIGHT,0.5321,0.4761,0.9594
ER,yaw,-12,CAM_BACK,0.4324,0.2940,0.7797
ER,yaw,-12,CAM_BACK_RIGHT,0.5325,0.4763,0.9601
ER,yaw,-8,CAM_FRONT,0.4618,0.3446,0.8327
ER,yaw,-8,CAM_FRONT_LEFT,0.5142,0.4382,0.9271
ER,yaw,-8,CAM_BACK_LEFT,0.5197,0.4557,0.9370
ER,yaw,-8,all,0.2979,0.1184,0.5370
ER,yaw,-4,CAM_FRONT_RIGHT,0.5460,0.5005,0.9844
ER,yaw,-4,CAM_BACK,0.4910,0.4111,0.8852
ER,yaw,-4,CAM_BACK_RIGHT,0.5473,0.5013,0.9867
ER,yaw,4,CAM_FRONT,0.4984,0.4249,0.8985
ER,yaw,4,CAM_FRONT_LEFT,0.5372,0.4844,0.9686
ER,yaw,4,CAM_BACK_LEFT,0.5389,0.4878,0.9716
ER,yaw,4,all,0.4089,0.2988,0.7373
ER,yaw,8,CAM_FRONT_RIGHT,0.5419,0.4920,0.9770
ER,yaw,8,CAM_BACK,0.4522,0.3257,0.8153
ER,yaw,8,CAM_BACK_RIGHT,0.5418,0.4915,0.9768
ER,yaw,12,CAM_FRONT,0.4492,0.3144,0.8099
ER,yaw,12,CAM_FRONT_LEFT,0.5049,0.4262,0.9104
ER,yaw,12,CAM_BACK_LEFT,0.5126,0.4434,0.9242
ER,yaw,12,all,0.2539,0.0658,0.4578
ER,yaw,16,CAM_FRONT_RIGHT,0.5415,0.4870,0.9762
ER,yaw,16,CAM_BACK,0.4308,0.2747,0.7766
ER,yaw,16,CAM_BACK_RIGHT,0.5333,0.4792,0.9616
ER,yaw,20,CAM_FRONT,0.4421,0.2970,0.7971
ER,yaw,20,CAM_FRONT_LEFT,0.4955,0.4082,0.8933
ER,yaw,20,CAM_BACK_LEFT,0.5001,0.4177,0.9016
ER,yaw,20,all,0.2098,0.0274,0.3783
ER,pitch,-20,CAM_FRONT_RIGHT,0.5471,0.5031,0.9863
ER,pitch,-20,CAM_BACK,0.5184,0.4623,0.9347
ER,pitch,-20,CAM_BACK_RIGHT,0.5517,0.5086,0.9947
ER,pitch,-16,CAM_FRONT,0.5372,0.4901,0.9685
ER,pitch,-16,CAM_FRONT_LEFT,0.5520,0.5118,0.9951
ER,pitch,-16,CAM_BACK_LEFT,0.5516,0.5067,0.9946
ER,pitch,-16,all,0.5111,0.4548,0.9214
ER,pitch,-12,CAM_FRONT_RIGHT,0.5527,0.5104,0.9965
ER,pitch,-12,CAM_BACK,0.5477,0.5050,0.9875
ER,pitch,-12,CAM_BACK_RIGHT,0.5543,0.5128,0.9994
ER,pitch,-8,CAM_FRONT,0.5530,0.5123,0.9970
ER,pitch,-8,CAM_FRONT_LEFT,0.5527,0.5093,0.9964
ER,pitch,-8,CAM_BACK_LEFT,0.5550,0.5130,1.0007
ER,pitch,-8,all,0.5488,0.5058,0.9894
ER,pitch,-4,CAM_FRONT_RIGHT,0.5548,0.5137,1.0002
ER,pitch,-4,CAM_BACK,0.5543,0.5127,0.9993
ER,pitch,-4,CAM_BACK_RIGHT,0.5547,0.5136,1.0001
ER,pitch,4,CAM_FRONT,0.5547,0.5144,1.0001
ER,pitch,4,CAM_FRONT_LEFT,0.5548,0.5144,1.0002
ER,pitch,4,CAM_BACK_LEFT,0.5542,0.5125,0.9992
ER,pitch,4,all,0.5534,0.5133,0.9978
ER,pitch,8,CAM_FRONT_RIGHT,0.5541,0.5125,0.9990
ER,pitch,8,CAM_BACK,0.5518,0.5094,0.9948
ER,pitch,8,CAM_BACK_RIGHT,0.5542,0.5119,0.9992
ER,pitch,12,CAM_FRONT,0.5440,0.4998,0.9808
ER,pitch,12,CAM_FRONT_LEFT,0.5535,0.5121,0.9980
ER,pitch,12,CAM_BACK_LEFT,0.5524,0.5113,0.9959
ER,pitch,12,all,0.5365,0.4918,0.9673
ER,pitch,16,CAM_FRONT_RIGHT,0.5533,0.5114,0.9976
ER,pitch,16,CAM_BACK,0.5428,0.4953,0.9785
ER,pitch,16,CAM_BACK_RIGHT,0.5533,0.5110,0.9976
ER,pitch,20,CAM_FRONT,0.5288,0.4769,0.9535
ER,pitch,20,CAM_FRONT_LEFT,0.5520,0.5122,0.9953
ER,pitch,20,CAM_BACK_LEFT,0.5472,0.5035,0.9866
ER,pitch,20,all,0.4872,0.4203,0.8784
ER,roll,-20,CAM_FRONT_RIGHT,0.5516,0.5093,0.9945
ER,roll,-20,CAM_BACK,0.5444,0.5001,0.9814
ER,roll,-20,CAM_BACK_RIGHT,0.5522,0.5113,0.9956
ER,roll,-16,CAM_FRONT,0.5500,0.5082,0.9916
ER,roll,-16,CAM_FRONT_LEFT,0.5531,0.5123,0.9973
ER,roll,-16,CAM_BACK_LEFT,0.5497,0.5034,0.9911
ER,roll,-16,all,0.5338,0.4872,0.9624
ER,roll,-12,CAM_FRONT_RIGHT,0.5540,0.5132,0.9988
ER,roll,-12,CAM_BACK,0.5518,0.5107,0.9949
ER,roll,-12,CAM_BACK_RIGHT,0.5536,0.5124,0.9980
ER,roll,-8,CAM_FRONT,0.5546,0.5146,0.9999
ER,roll,-8,CAM_FRONT_LEFT,0.5543,0.5129,0.9994
ER,roll,-8,CAM_BACK_LEFT,0.5544,0.5124,0.9996
ER,roll,-8,all,0.5516,0.5109,0.9945
ER,roll,-4,CAM_FRONT_RIGHT,0.5547,0.5137,1.0002
ER,roll,-4,CAM_BACK,0.5544,0.5134,0.9996
ER,roll,-4,CAM_BACK_RIGHT,0.5546,0.5131,0.9998
ER,roll,4,CAM_FRONT,0.5542,0.5132,0.9991
ER,roll,4,CAM_FRONT_LEFT,0.5551,0.5141,1.0007
ER,roll,4,CAM_BACK_LEFT,0.5541,0.5134,0.9989
ER,roll,4,all,0.5534,0.5132,0.9978
ER,roll,8,CAM_FRONT_RIGHT,0.5538,0.5125,0.9984
ER,roll,8,CAM_BACK,0.5528,0.5107,0.9966
ER,roll,8,CAM_BACK_RIGHT,0.5542,0.5123,0.9992
ER,roll,12,CAM_FRONT,0.5514,0.5108,0.9941
ER,roll,12,CAM_FRONT_LEFT,0.5539,0.5119,0.9986
ER,roll,12,CAM_BACK_LEFT,0.5524,0.5114,0.9959
ER,roll,12,all,0.5393,0.4941,0.9724
ER,roll,16,CAM_FRONT_RIGHT,0.5517,0.5092,0.9947
ER,roll,16,CAM_BACK,0.5438,0.4979,0.9804
ER,roll,16,CAM_BACK_RIGHT,0.5519,0.5085,0.9950
ER,roll,20,CAM_FRONT,0.5447,0.5015,0.9820
ER,roll,20,CAM_FRONT_LEFT,0.5501,0.5071,0.9918
ER,roll,20,CAM_BACK_LEFT,0.5488,0.5067,0.9895
ER,roll,20,all,0.5067,0.4492,0.9135
VR,yaw,-20,CAM_FRONT_RIGHT,0.5298,0.4670,0.9552
VR,yaw,-20,CAM_BACK,0.4364,0.2898,0.7868
VR,yaw,-20,CAM_BACK_RIGHT,0.5383,0.4816,0.9704
VR,yaw,-16,CAM_FRONT,0.4379,0.2888,0.7895
VR,yaw,-16,CAM_FRONT_LEFT,0.5091,0.4345,0.9179
VR,yaw,-16,CAM_BACK_LEFT,0.5008,0.4144,0.9029
VR,yaw,-16,all,0.2322,0.0404,0.4186
VR,yaw,-12,CAM_FRONT_RIGHT,0.5337,0.4769,0.9622
VR,yaw,-12,CAM_BACK,0.4444,0.3091,0.8012
VR,yaw,-12,CAM_BACK_RIGHT,0.5447,0.4916,0.9820
VR,yaw,-8,CAM_FRONT,0.4617,0.3419,0.8324
VR,yaw,-8,CAM_FRONT_LEFT,0.5234,0.4590,0.9436
VR,yaw,-8,CAM_BACK_LEFT,0.5217,0.4539,0.9405
VR,yaw,-8,all,0.3089,0.1299,0.5570
VR,yaw,-4,CAM_FRONT_RIGHT,0.5460,0.4995,0.9843
VR,yaw,-4,CAM_BACK,0.4985,0.4205,0.8987
VR,yaw,-4,CAM_BACK_RIGHT,0.5510,0.5059,0.9933
VR,yaw,4,CAM_FRONT,0.5002,0.4271,0.9018
VR,yaw,4,CAM_FRONT_LEFT,0.5329,0.4765,0.9608
VR,yaw,4,CAM_BACK_LEFT,0.5370,0.4830,0.9681
VR,yaw,4,all,0.3957,0.2802,0.7134
VR,yaw,8,CAM_FRONT_RIGHT,0.5359,0.4822,0.9662
VR,yaw,8,CAM_BACK,0.4506,0.3286,0.8124
VR,yaw,8,CAM_BACK_RIGHT,0.5418,0.4897,0.9768
VR,yaw,12,CAM_FRONT,0.4594,0.3398,0.8282
VR,yaw,12,CAM_FRONT_LEFT,0.5021,0.4144,0.9052
VR,yaw,12,CAM_BACK_LEFT,0.5133,0.4393,0.9254
VR,yaw,12,all,0.2561,0.0558,0.4618
VR,yaw,16,CAM_FRONT_RIGHT,0.5262,0.4656,0.9487
VR,yaw,16,CAM_BACK,0.4171,0.2697,0.7521
VR,yaw,16,CAM_BACK_RIGHT,0.5297,0.4683,0.9550
VR,yaw,20,CAM_FRONT,0.4574,0.3344,0.8246
VR,yaw,20,CAM_FRONT_LEFT,0.4919,0.3920,0.8868
VR,yaw,20,CAM_BACK_LEFT,0.5029,0.4220,0.9067
VR,yaw,20,all,0.2030,0.0184,0.3660
VR,pitch,-20,CAM_FRONT_RIGHT,0.5346,0.4748,0.9638
VR,pitch,-20,CAM_BACK,0.4567,0.3459,0.8234
VR,pitch,-20,CAM_BACK_RIGHT,0.5260,0.4606,0.9484
VR,pitch,-16,CAM_FRONT,0.4832,0.3839,0.8712
VR,pitch,-16,CAM_FRONT_LEFT,0.5182,0.4477,0.9343
VR,pitch,-16,CAM_BACK_LEFT,0.5031,0.4133,0.9070
VR,pitch,-16,all,0.0500,0.0061,0.0902
VR,pitch,-12,CAM_FRONT_RIGHT,0.5313,0.4690,0.9578
VR,pitch,-12,CAM_BACK,0.4477,0.3409,0.8072
VR,pitch,-12,CAM_BACK_RIGHT,0.5380,0.4806,0.9700
VR,pitch,-8,CAM_FRONT,0.4744,0.3678,0.8552
VR,pitch,-8,CAM_FRONT_LEFT,0.5099,0.4359,0.9192
VR,pitch,-8,CAM_BACK_LEFT,0.5034,0.4143,0.9075
VR,pitch,-8,all,0.1182,0.0189,0.2131
VR,pitch,-4,CAM_FRONT_RIGHT,0.5347,0.4772,0.9640
VR,pitch,-4,CAM_BACK,0.4407,0.3245,0.7945
VR,pitch,-4,CAM_BACK_RIGHT,0.5421,0.4825,0.9773
VR,pitch,4,CAM_FRONT,0.4713,0.3735,0.8497
VR,pitch,4,CAM_FRONT_LEFT,0.5122,0.4495,0.9235
VR,pitch,4,CAM_BACK_LEFT,0.5158,0.4500,0.9299
VR,pitch,4,all,0.2374,0.0886,0.4281
VR,pitch,8,CAM_FRONT_RIGHT,0.5375,0.4815,0.9690
VR,pitch,8,CAM_BACK,0.4548,0.3502,0.8199
VR,pitch,8,CAM_BACK_RIGHT,0.5350,0.4809,0.9646
VR,pitch,12,CAM_FRONT,0.4804,0.3831,0.8661
VR,pitch,12,CAM_FRONT_LEFT,0.5171,0.4489,0.9322
VR,pitch,12,CAM_BACK_LEFT,0.5070,0.4268,0.9141
VR,pitch,12,all,0.0674,0.0211,0.1216
VR,pitch,16,CAM_FRONT_RIGHT,0.5391,0.4830,0.9720
VR,pitch,16,CAM_BACK,0.4547,0.3502,0.8198
VR,pitch,16,CAM_BACK_RIGHT,0.5294,0.4616,0.9545
VR,pitch,20,CAM_FRONT,0.4825,0.3831,0.8698
VR,pitch,20,CAM_FRONT_LEFT,0.5165,0.4490,0.9312
VR,pitch,20,CAM_BACK_LEFT,0.5070,0.4232,0.9140
VR,pitch,20,all,0.0313,0.0000,0.0565
VR,roll,-20,CAM_FRONT_RIGHT,0.5402,0.4890,0.9740
VR,roll,-20,CAM_BACK,0.4451,0.3412,0.8025
VR,roll,-20,CAM_BACK_RIGHT,0.5391,0.4793,0.9719
VR,roll,-16,CAM_FRONT,0.4779,0.3776,0.8617
VR,roll,-16,CAM_FRONT_LEFT,0.5195,0.4569,0.9366
VR,roll,-16,CAM_BACK_LEFT,0.5171,0.4417,0.9323
VR,roll,-16,all,0.2401,0.0454,0.4329
VR,roll,-12,CAM_FRONT_RIGHT,0.5417,0.4892,0.9767
VR,roll,-12,CAM_BACK,0.4493,0.3379,0.8100
VR,roll,-12,CAM_BACK_RIGHT,0.5462,0.4911,0.9847
VR,roll,-8,CAM_FRONT,0.4774,0.3816,0.8608
VR,roll,-8,CAM_FRONT_LEFT,0.5224,0.4619,0.9418
VR,roll,-8,CAM_BACK_LEFT,0.5227,0.4529,0.9425
VR,roll,-8,all,0.3064,0.1267,0.5524
VR,roll,-4,CAM_FRONT_RIGHT,0.5465,0.4984,0.9854
VR,roll,-4,CAM_BACK,0.4836,0.4044,0.8718
VR,roll,-4,CAM_BACK_RIGHT,0.5543,0.5065,0.9994
VR,roll,4,CAM_FRONT,0.4973,0.4195,0.8966
VR,roll,4,CAM_FRONT_LEFT,0.5303,0.4737,0.9561
VR,roll,4,CAM_BACK_LEFT,0.5341,0.4755,0.9630
VR,roll,4,all,0.3755,0.2364,0.6769
VR,roll,8,CAM_FRONT_RIGHT,0.5426,0.4927,0.9782
VR,roll,8,CAM_BACK,0.4642,0.3517,0.8370
VR,roll,8,CAM_BACK_RIGHT,0.5425,0.4884,0.9781
VR,roll,12,CAM_FRONT,0.4798,0.3818,0.8650
VR,roll,12,CAM_FRONT_LEFT,0.5173,0.4540,0.9326
VR,roll,12,CAM_BACK_LEFT,0.5205,0.4531,0.9384
VR,roll,12,all,0.2734,0.0895,0.4929
VR,roll,16,CAM_FRONT_RIGHT,0.5397,0.4872,0.9730
VR,roll,16,CAM_BACK,0.4540,0.3381,0.8186
VR,roll,16,CAM_BACK_RIGHT,0.5399,0.4851,0.9734
VR,roll,20,CAM_FRONT,0.4816,0.3842,0.8683
VR,roll,20,CAM_FRONT_LEFT,0.5176,0.4527,0.9332
VR,roll,20,CAM_BACK_LEFT,0.5171,0.4478,0.9323
VR,roll,20,all,0.2300,0.0512,0.4147
CR,yaw,-20,CAM_FRONT_RIGHT,0.5539,0.5109,0.9986
CR,yaw,-20,CAM_BACK,0.5282,0.4719,0.9523
CR,yaw,-20,CAM_BACK_RIGHT,0.5554,0.5064,1.0014
CR,yaw,-16,CAM_FRONT,0.5533,0.5133,0.9975
CR,yaw,-16,CAM_FRONT_LEFT,0.5489,0.5057,0.9896
CR,yaw,-16,CAM_BACK_LEFT,0.5557,0.5111,1.0019
CR,yaw,-16,all,0.5385,0.4820,0.9709
CR,yaw,-12,CAM_FRONT_RIGHT,0.5544,0.5124,0.9995
CR,yaw,-12,CAM_BACK,0.5394,0.4923,0.9726
CR,yaw,-12,CAM_BACK_RIGHT,0.5578,0.5108,1.0056
CR,yaw,-8,CAM_FRONT,0.5539,0.5156,0.9986
CR,yaw,-8,CAM_FRONT_LEFT,0.5511,0.5071,0.9936
CR,yaw,-8,CAM_BACK_LEFT,0.5556,0.5112,1.0016
CR,yaw,-8,all,0.5459,0.4927,0.9843
CR,yaw,-4,CAM_FRONT_RIGHT,0.5540,0.5119,0.9989
CR,yaw,-4,CAM_BACK,0.5486,0.5050,0.9891
CR,yaw,-4,CAM_BACK_RIGHT,0.5548,0.5120,1.0002
CR,yaw,4,CAM_FRONT,0.5506,0.5079,0.9926
CR,yaw,4,CAM_FRONT_LEFT,0.5546,0.5137,0.9999
CR,yaw,4,CAM_BACK_LEFT,0.5531,0.5086,0.9972
CR,yaw,4,all,0.5468,0.4953,0.9859
CR,yaw,8,CAM_FRONT_RIGHT,0.5537,0.5114,0.9983
CR,yaw,8,CAM_BACK,0.5477,0.5003,0.9874
CR,yaw,8,CAM_BACK_RIGHT,0.5568,0.5107,1.0038
CR,yaw,12,CAM_FRONT,0.5490,0.5075,0.9898
CR,yaw,12,CAM_FRONT_LEFT,0.5530,0.5131,0.9970
CR,yaw,12,CAM_BACK_LEFT,0.5450,0.4926,0.9826
CR,yaw,12,all,0.5366,0.4838,0.9675
CR,yaw,16,CAM_FRONT_RIGHT,0.5545,0.5114,0.9998
CR,yaw,16,CAM_BACK,0.5410,0.4903,0.9753
CR,yaw,16,CAM_BACK_RIGHT,0.5597,0.5156,1.0091
CR,yaw,20,CAM_FRONT,0.5464,0.5069,0.9850
CR,yaw,20,CAM_FRONT_LEFT,0.5515,0.5085,0.9943
CR,yaw,20,CAM_BACK_LEFT,0.5377,0.4794,0.9694
CR,yaw,20,all,0.5325,0.4739,0.9601
CR,pitch,-20,CAM_FRONT_RIGHT,0.5333,0.4727,0.9615
CR,pitch,-20,CAM_BACK,0.4574,0.3459,0.8246
CR,pitch,-20,CAM_BACK_RIGHT,0.5262,0.4557,0.9487
CR,pitch,-16,CAM_FRONT,0.4839,0.3857,0.8724
CR,pitch,-16,CAM_FRONT_LEFT,0.5183,0.4488,0.9344
CR,pitch,-16,CAM_BACK_LEFT,0.5033,0.4139,0.9073
CR,pitch,-16,all,0.0474,0.0000,0.0855
CR,pitch,-12,CAM_FRONT_RIGHT,0.5303,0.4670,0.9560
CR,pitch,-12,CAM_BACK,0.4486,0.3411,0.8088
CR,pitch,-12,CAM_BACK_RIGHT,0.5390,0.4812,0.9717
CR,pitch,-8,CAM_FRONT,0.4740,0.3667,0.8545
CR,pitch,-8,CAM_FRONT_LEFT,0.5106,0.4370,0.9206
CR,pitch,-8,CAM_BACK_LEFT,0.5028,0.4130,0.9066
CR,pitch,-8,all,0.1030,0.0184,0.1857
CR,pitch,-4,CAM_FRONT_RIGHT,0.5347,0.4773,0.9640
CR,pitch,-4,CAM_BACK,0.4407,0.3248,0.7945
CR,pitch,-4,CAM_BACK_RIGHT,0.5420,0.4827,0.9771
CR,pitch,4,CAM_FRONT,0.4716,0.3745,0.8503
CR,pitch,4,CAM_FRONT_LEFT,0.5125,0.4494,0.9240
CR,pitch,4,CAM_BACK_LEFT,0.5152,0.4500,0.9288
CR,pitch,4,all,0.2360,0.0879,0.4255
CR,pitch,8,CAM_FRONT_RIGHT,0.5373,0.4816,0.9688
CR,pitch,8,CAM_BACK,0.4547,0.3512,0.8197
CR,pitch,8,CAM_BACK_RIGHT,0.5339,0.4786,0.9625
CR,pitch,12,CAM_FRONT,0.4819,0.3856,0.8688
CR,pitch,12,CAM_FRONT_LEFT,0.5178,0.4504,0.9335
CR,pitch,12,CAM_BACK_LEFT,0.5069,0.4270,0.9140
CR,pitch,12,all,0.0679,0.0211,0.1223
CR,pitch,16,CAM_FRONT_RIGHT,0.5404,0.4846,0.9743
CR,pitch,16,CAM_BACK,0.4545,0.3505,0.8195
CR,pitch,16,CAM_BACK_RIGHT,0.5313,0.4643,0.9579
CR,pitch,20,CAM_FRONT,0.4836,0.3844,0.8718
CR,pitch,20,CAM_FRONT_LEFT,0.5174,0.4503,0.9328
CR,pitch,20,CAM_BACK_LEFT,0.5065,0.4231,0.9132
CR,pitch,20,all,0.0315,0.0000,0.0569
CR,roll,-20,CAM_FRONT_RIGHT,0.5400,0.4871,0.9735
CR,roll,-20,CAM_BACK,0.4469,0.3412,0.8057
CR,roll,-20,CAM_BACK_RIGHT,0.5400,0.4801,0.9736
CR,roll,-16,CAM_FRONT,0.4780,0.3773,0.8618
CR,roll,-16,CAM_FRONT_LEFT,0.5176,0.4563,0.9331
CR,roll,-16,CAM_BACK_LEFT,0.5161,0.4410,0.9305
CR,roll,-16,all,0.2355,0.0419,0.4247
CR,roll,-12,CAM_FRONT_RIGHT,0.5410,0.4881,0.9754
CR,roll,-12,CAM_BACK,0.4498,0.3389,0.8109
CR,roll,-12,CAM_BACK_RIGHT,0.5466,0.4917,0.9855
CR,roll,-8,CAM_FRONT,0.4779,0.3823,0.8616
CR,roll,-8,CAM_FRONT_LEFT,0.5218,0.4612,0.9408
CR,roll,-8,CAM_BACK_LEFT,0.5218,0.4518,0.9408
CR,roll,-8,all,0.3018,0.1220,0.5442
CR,roll,-4,CAM_FRONT_RIGHT,0.5467,0.4988,0.9856
CR,roll,-4,CAM_BACK,0.4832,0.4037,0.8712
CR,roll,-4,CAM_BACK_RIGHT,0.5542,0.5067,0.9991
CR,roll,4,CAM_FRONT,0.4971,0.4194,0.8963
CR,roll,4,CAM_FRONT_LEFT,0.5307,0.4744,0.9569
CR,roll,4,CAM_BACK_LEFT,0.5341,0.4753,0.9630
CR,roll,4,all,0.3755,0.2378,0.6769
CR,roll,8,CAM_FRONT_RIGHT,0.5423,0.4923,0.9778
CR,roll,8,CAM_BACK,0.4619,0.3482,0.8328
CR,roll,8,CAM_BACK_RIGHT,0.5418,0.4874,0.9768
CR,roll,12,CAM_FRONT,0.4800,0.3818,0.8654
CR,roll,12,CAM_FRONT_LEFT,0.5154,0.4513,0.9293
CR,roll,12,CAM_BACK_LEFT,0.5194,0.4519,0.9365
CR,roll,12,all,0.2642,0.0809,0.4764
CR,roll,16,CAM_FRONT_RIGHT,0.5395,0.4871,0.9726
CR,roll,16,CAM_BACK,0.4519,0.3327,0.8148
CR,roll,16,CAM_BACK_RIGHT,0.5387,0.4828,0.9713
CR,roll,20,CAM_FRONT,0.4792,0.3804,0.8640
CR,roll,20,CAM_FRONT_LEFT,0.5152,0.4494,0.9288
CR,roll,20,CAM_BACK_LEFT,0.5153,0.4451,0.9291
CR,roll,20,all,0.2261,0.0487,0.4076
